Pemasok,#Group
PT. TANGGUH ADI PERKASA TAP,PT. TANGGUH ADI PERKASA TAP
"ARI NOERWIRAWAN, ST.","ARI NOERWIRAWAN, ST."
DWI PRAYITNO,DWI PRAYITNO
WAWAN ISKANDAR (MEBEL) - HO,WAWAN ISKANDAR (MEBEL)
PT. CORAKWARNA PROMO - NEW,PT. CORAKWARNA PROMO - NEW
MUHAMMAD ARIF HAMSI - HO,MUHAMMAD ARIF HAMSI
PT ADIKA DWIKARYA UTAMA - HO,PT ADIKA DWIKARYA UTAMA
CV. MEGA KARYA NIRWANA - NEW,CV. MEGA KARYA NIRWANA
PT. SWISS PADMA JAYA - NEW,PT. SWISS PADMA JAYA
NEM MEDIA (TEKNISI) - HO,NEM MEDIA (TEKNISI)
LAKSMI DIBERKAHI - NEW,LAKSMI DIBERKAHI - NEW
CV MAHA MERU CONSULTANT,CV MAHA MERU CONSULTANT
PT. LIFTCO INDO PERKASA - HO,PT. LIFTCO INDO PERKASA
PT. SUBUR MITRA SUKSES - NEW,PT. SUBUR MITRA SUKSES
PT XUZHONG GROUP INDONESIA - (HO),PT XUZHONG GROUP INDONESIA
CV. PETA NETWORK - NEW,CV. PETA NETWORK - NEW
RAHAJENG LAXSMITO PEMUNCAK - NEW,RAHAJENG LAXSMITO PEMUNCAK - NEW
CV PELANGI MULTI KREASINDO - HO,CV PELANGI MULTI KREASINDO
PT. SATRIA DHARMA NIAGA PERTIWI - NEW,PT. SATRIA DHARMA NIAGA PERTIWI
SARI INTI GROSIR - NEW,SARI INTI GROSIR
RIDWAN ALI,RIDWAN ALI
PT. TRIRARA PURNAMA JAYA - HO,PT. TRIRARA PURNAMA JAYA
PT. KARYA GIRI PALMA - NEW,PT. KARYA GIRI PALMA - NEW
PT. MUNGIL SEJAHTERA - NEW,PT. MUNGIL SEJAHTERA
BOJONEGORO CCTV (TEKNISI) - HO,BOJONEGORO CCTV (TEKNISI)
RPA BERDIKARI - HO,RPA BERDIKARI
PT. LANCAR TEGUH SEJAHTERA - HO,PT LANCAR TEGUH SEJAHTERA
PT. EKADHARMA MITRA NIAGA - HO,PT. EKADHARMA MITRA NIAGA
PT. TUMBUH KREASI HEBAT - NEW,PT. TUMBUH KREASI HEBAT - NEW
SILPIAH,SILPIAH
PERUSAHAAN DAERAH AIR MINUM TIRTA TAMAN KOTA BONTANG,PERUSAHAAN DAERAH AIR MINUM TIRTA TAMAN KOTA BONTANG
A. MUHAMMAD ARIAL SYARIF,A. MUHAMMAD ARIAL SYARIF
RICO RIFARDO (OCIRAPRINT),RICO RIFARDO (OCIRAPRINT)
CV. GALAXY GEMILANG,CV. GALAXY GEMILANG
KARINTO,KARINTO
HAMRUDDIN,HAMRUDDIN
SUGIJANTO,SUGIJANTO
BUDI WIJAYA,BUDI WIJAYA
LUISA EFFENDY,LUISA EFFENDY
THIAWUDI WIKARSO,THIAWUDI WIKARSO
LUCIA YAURI,LUCIA YAURI
PT. SARASWANTI INDO GENETECH SURABAYA - NEW,PT. SARASWANTI INDO GENETECH SURABAYA - NEW
PT. SURYA INDOTEKNIK PERKASA - NEW,PT. SURYA INDOTEKNIK PERKASA - NEW
FRANSISKA BONITA M. D. T.,FRANSISKA BONITA M. D. T.
ANNE GLAUDYA LATANNA,ANNE GLAUDYA LATANNA
ROBBY WIDJAJA HANDOKO,ROBBY WIDJAJA HANDOKO
TJONG JUN TAK,TJONG JUN TAK
SIMON LINTONG,SIMON LINTONG
ERNAWATI,ERNAWATI
RONIE BUDIYANTO UTOMO,RONIE BUDIYANTO UTOMO
VUNIETA,VUNIETA
ANDI EKA YUNITA DEVI TAWIL,ANDI EKA YUNITA DEVI TAWIL
NOVA LESTARI SOLEH,NOVA LESTARI SOLEH
ROBERTUS ROMMY ARVIANTO,ROBERTUS ROMMY ARVIANTO
CENDY SUWARDI,CENDY SUWARDI
BLOW (STEFANUS PULUNG BAWONO SEPUTRO) - HO,BLOW (STEFANUS PULUNG BAWONO SEPUTRO)
SYAHRUL ALAMSYAH - NEW,SYAHRUL ALAMSYAH - NEW
WISNU PRATAMA MOECHTAR,WISNU PRATAMA MOECHTAR
FRIDA MARIAMA KOHAN,FRIDA MARIAMA KOHAN
"NATALIA LINI HANDAYANI, SH","NATALIA LINI HANDAYANI, SH"
PT. ETOS INDONUSA - NEW,PT. ETOS INDONUSA - NEW
GOUW TJOAN AN,GOUW TJOAN AN
ROMMY KURNIAWAN WIDJAJA,ROMMY KURNIAWAN WIDJAJA
LILYANI TANOKO,LILYANI TANOKO
KOPKAR TIRTA CISADANE,KOPKAR TIRTA CISADANE
WENNY HERLIANTY SH. Mkn,WENNY HERLIANTY SH. Mkn
BENNY HARDIANTO GUNAWAN,BENNY HARDIANTO GUNAWAN
JAMANSYAH KURNIAWAN,JAMANSYAH KURNIAWAN
"YANI DWI RAHAYU SH, M.KN.","YANI DWI RAHAYU SH, M.KN."
PERUMDA AIR MINUM TIRTA RANGGA KABUPATEN SUBANG,PERUMDA AIR MINUM TIRTA RANGGA KABUPATEN SUBANG
PT. PRO ENERGI,PT. PRO ENERGI
PT. HANIF MITRA TEKNOLOGI,PT. HANIF MITRA TEKNOLOGI
SURIANTO,SURIANTO
NURLEILA,NURLEILA
PT. PRANATECH MURAKABI KERTA,PT. PRANATECH MURAKABI KERTA
PT GALANGCITRAMITRA MAJUMAPAN - NEW,PT GALANGCITRAMITRA MAJUMAPAN - NEW
LINA,LINA
SARJU WINARNO,SARJU WINARNO
INDAHWATI,INDAHWATI
ANESTA CHRISANTI,ANESTA CHRISANTI
CV. ADITYA JAYA UTAMA,CV. ADITYA JAYA UTAMA
EDY MARTONO,EDY MARTONO
IR. H. BUDI IRAWAN M.SI. - NEW,IR. H. BUDI IRAWAN M.SI. - NEW
MUHAMMAD ASFI AHYANI,MUHAMMAD ASFI AHYANI
"IRA ANGGRAINI, S.H","IRA ANGGRAINI, S.H"
ZIRMAYANTO,ZIRMAYANTO
PIONI NAVIARI,PIONI NAVIARI
"FITRIANA HIDAYATI. A, SH, M.KN","FITRIANA HIDAYATI. A, SH, M.KN"
M. NADYA HARAMAIN AKBAR,M. NADYA HARAMAIN AKBAR
AKMAR ANGGARA,AKMAR ANGGARA
ELLY SUTRISNO,ELLY SUTRISNO
A SIR ISSAC NEWTON AM,A SIR ISSAC NEWTON AM
PT. ARTA BUANA SAKTI,PT. ARTA BUANA SAKTI
PT. CITRA DAMAI PUTRA,PT. CITRA DAMAI PUTRA
MARIA DIANA LINGGAWIDJAJA,MARIA DIANA LINGGAWIDJAJA
FELIX CHRISTIAN,FELIX CHRISTIAN
BAYU KINANTI RACHMADANI,BAYU KINANTI RACHMADANI
PT. PEMBANGUNAN INVESTASI TANGGERANG SELATAN - NEW,PT. PEMBANGUNAN INVESTASI TANGGERANG SELATAN - NEW
ANISYAH,ANISYAH
MUTIARA - NEW,MUTIARA
CV ASTRO PRIMA DISTRIBUSI - NEW,CV ASTRO PRIMA DISTRIBUSI
PT. PROSPERA SCIENCE DIGITA - NEW,PT. PROSPERA SCIENCE DIGITA - NEW
TOKO KHARISMA JAYA - NEW,TOKO KHARISMA JAYA - NEW
CV. TIGA SAUDARA - NEW (NON-AKTIF),CV. TIGA SAUDARA
TOKO AXELLA - NEW,TOKO AXELLA
PT. PILAR REKAYASA MUDA (LPG) - NEW,PT. PILAR REKAYASA MUDA (LPG)
CV. SENTOSA - NEW,CV. SENTOSA
PT. SAPTA SARI TAMA - DCMKS,PT. SAPTA SARI TAMA
ROCHANI,ROCHANI
PD. AIR MINUM KABUPATEN LAMONGAN - NEW,PD. AIR MINUM KABUPATEN LAMONGAN - NEW
PD. AIR MINUM KABUPATEN BOGOR - NEW,PD. AIR MINUM KABUPATEN BOGOR - NEW
CV. GEOSENTRIS NUSANTARA,CV. GEOSENTRIS NUSANTARA
TOKO KEMUNING - NEW,TOKO KEMUNING
PANGKALAN ELPIJI RIDWAN (IWAN) - NEW,PANGKALAN ELPIJI RIDWAN (IWAN)
PERUMDAM TIRTA ANOM KOTA BANJAR - NEW,PERUMDAM TIRTA ANOM KOTA BANJAR - NEW
LESTARI - DCSMG,LESTARI
JUWONO USWADI (AAP ADVERTISING ALL PRIORITY) - HO,JUWONO USWADI (AAP ADVERTISING ALL PRIORITY)
LPG PETROLINDO - NEW,LPG PETROLINDO
PDAM DELTA TIRTA SIDOARJO,PDAM DELTA TIRTA SIDOARJO
PT. BHINEKA BANGUN INDO,PT. BHINEKA BANGUN INDO
PT. NUSA INDAH - NEW,PT. NUSA INDAH
CV. TLS MAHAKARYA - NEW,CV. TLS MAHAKARYA - NEW
PT. ES HUPINDO - KARBAR,PT. ES HUPINDO
CV. SATRIA SAKTI SEJAHTERA - NEW,CV. SATRIA SAKTI SEJAHTERA - NEW
PT. LANCAR JAYA ADHITAMA - NEW,PT. LANCAR JAYA ADHITAMA
PT. SINERGI SOLUSI SAMPURNA - NEW,PT. SINERGI SOLUSI SAMPURNA - NEW
CREATIVAX INC - NEW,CREATIVAX INC - NEW
CV. CANDI GASINDO - NEW,CV. CANDI GASINDO - NEW
PT. SUMBER PERINTIS RAGAMPANGAN (PT. SUPERA) - NEW,PT. SUMBER PERINTIS RAGAMPANGAN (PT. SUPERA)
IR. H. SULIK ANAM,IR. H. SULIK ANAM
BUDI SANTOSO (BENGKEL BUDI JAYA),BUDI SANTOSO (BENGKEL BUDI JAYA)
BUDI SETIONO,BUDI SETIONO
CV. SATRIA PRIMA PERKASA,CV. SATRIA PRIMA PERKASA
XPC KOMPUTER CIREBON - NEW,XPC KOMPUTER CIREBON - NEW
PT. CINCO JAYA PERKASA - HO,PT. CINCO JAYA PERKASA
PT. IMPORTA JAYA ABADI - HO,PT. IMPORTA JAYA ABADI
SAYUR (YULIANTO) - NEW,SAYUR (YULIANTO)
PT. GAS ALAM SENTOSA - HO,PT. GAS ALAM SENTOSA
HR CHEMICAL (PT. MULTI GRASINDO) - NEW,HR CHEMICAL (PT. MULTI GRASINDO)
PT. HITECH MARWAH INDONESIA,PT. HITECH MARWAH INDONESIA
DAUN & BAPUT (MARIMART) - NEW,DAUN & BAPUT (MARIMART)
CV. COLLECTIVE FURNISHINGS INDONESIA - NEW,CV. COLLECTIVE FURNISHINGS INDONESIA - NEW
FRESH & GROCEERIES - NEW,FRESH & GROCEERIES
PT. DWITUNGGAL GLOBAL PERKASA - NEW,PT. DWITUNGGAL GLOBAL PERKASA
PT. BOGOR JAYA ABADI - NEW,PT. BOGOR JAYA ABADI
PT. LAJU BERSAMA INDAH - NEW,PT. LAJU BERSAMA INDAH
LARIS SPORT MUSIC - HO,LARIS SPORT MUSIC
UFO KEDIRI - HO,UFO KEDIRI
WIJINURAKHIM - HO,WIJINURAKHIM
LUQMAN (TUKANG BANGUNAN) - NEW,LUQMAN (TUKANG BANGUNAN) - NEW
PT. PANCA LESTARI PRIMA MULYA - NEW,PT. PANCA LESTARI PRIMA MULYA
PT. ADIMITRA ANEKA UTAMA - NEW,PT. ADIMITRA ANEKA UTAMA
SUMBER DUNIA JAYA - NEW,SUMBER DUNIA JAYA
PT. KARTIKA DISTRINDO - NEW,PT. KARTIKA DISTRINDO
PT BUANAMAS INTI GEMILANG - NEW,PT BUANAMAS INTI GEMILANG
PT. SAUDARA JAYA GEMILANG - NEW,PT. SAUDARA JAYA GEMILANG
HANDIKA SETYA WIJAYA,HANDIKA SETYA WIJAYA
DHITA KURNIAWAN RAKHMAN - HO,DHITA KURNIAWAN RAKHMAN
BUMN/BUMD AIR MINUM (KOTA MAKASSAR) - NEW,BUMN/BUMD AIR MINUM - NEW
PT AMIRA PERDANA - HO,PT AMIRA PERDANA
CV SUMBER ALAM,CV SUMBER ALAM
KFI SPORTS - NEW,KFI SPORTS - NEW
PT. TIRTA FRESINDO JAYA - NEW,PT. TIRTA FRESINDO JAYA - NEW
BERKAH SAYUR - NEW,BERKAH SAYUR - NEW
CV MULYA JAYA - HO,CV MULYA JAYA
GESANG MAGENDHA PUTRA - NEW,GESANG MAGENDHA PUTRA - NEW
CV. DADI MAKMUR ABADI - NEW,CV. DADI MAKMUR ABADI
PT TRIO HUTAMA JOGJA - NEW,PT TRIO HUTAMA JOGJA
CV. UTAMA SUKSES SEJAHTERA - NEW,CV. UTAMA SUKSES SEJAHTERA
ANTHONY KONJAYA (UD SAMA JAYA) - NEW,ANTHONY KONJAYA (UD SAMA JAYA)
CV. KARYA ANUGERAH - NEW,CV. KARYA ANUGERAH
PT. SANITAS - NEW,PT. SANITAS
DINA JUWITA SARI,DINA JUWITA SARI
PT. BIOGIFT MULTI SISTEM - NEW,PT. BIOGIFT MULTI SISTEM - NEW
UD RIDHO ILLAHI (WAHYU AZIZ) - NEW,UD RIDHO ILLAHI (WAHYU AZIZ)
BUAH (DALU HENDRATAMA) - NEW,BUAH (DALU HENDRATAMA)
UD. ARTA ABADI - NEW,UD. ARTA ABADI - NEW
SHALIRA BOGA UTAMA - NEW,SHALIRA BOGA UTAMA
CV. SOUL BILLIONAIRE,CV. SOUL BILLIONAIRE
PT NAFI GROUP INDONESIA - HO,PT NAFI GROUP INDONESIA
MD MEBEL - HO,MD MEBEL
CV. ZACK INDUSTRIES - HO,CV. ZACK INDUSTRIES
PT. RESTOMART CIPTA USAHA (SEMARANG) - HO,PT. RESTOMART CIPTA USAHA
TITIS NATALIA PUTRI,TITIS NATALIA PUTRI
HERU SULISTYO - NEW,HERU SULISTYO - NEW
BAYU KUNCORO,BAYU KUNCORO
ABDI (LAND CLEANING) - NEW,ABDI (LAND CLEANING) - NEW
PT. BANGUN ESTETIKA SANTOSO - HO,PT. BANGUN ESTETIKA SANTOSO
PERUMDA PAM JAYA - NEW,PERUMDA PAM JAYA - NEW
PT. SINAR NIRWANA INDONESIA - NEW,PT. SINAR NIRWANA INDONESIA - NEW
CV. BINTANG UTAMA - NEW,CV. BINTANG UTAMA - NEW
PT DWIGUNA MEGANTARA CITRA - HO,PT DWIGUNA MEGANTARA CITRA
PT SAMUDRA BIRU,PT SAMUDRA BIRU
PT. CATUR MITRA SEJATI SENTOSA - NEW,PT. CATUR MITRA SEJATI SENTOSA - NEW
"CHRISTIANI HARTONO, SH - NEW","CHRISTIANI HARTONO, SH - NEW"
UD. WARINGIN MAS KEDIRI (SABUN BOBY) - HO,UD. WARINGIN MAS KEDIRI (SABUN BOBY)
CV. TIRTA USAHA - NEW,CV. TIRTA USAHA
RAFI DHIYAA FADHLURROHMAN,RAFI DHIYAA FADHLURROHMAN
BAGUS DEKY SETIAWAN,BAGUS DEKY SETIAWAN
PT. MEGA INDOLINK - NEW,PT. MEGA INDOLINK - NEW
TOKO PANEN JAYA (HENBAO BERJAYA) - NEW,TOKO PANEN JAYA (HENBAO BERJAYA) - NEW
MARSYA SAFIRA - NEW,MARSYA SAFIRA - NEW
LIVOTECH - HO,LIVOTECH
CV KARYA PRIMA - NEW,CV KARYA PRIMA - NEW
NURHAYATI SAMPERURA SH - NEW,NURHAYATI SAMPERURA SH- NEW
PT KINARYA KOMPEGRITI REKANUSA,PT KINARYA KOMPEGRITI REKANUSA
ABDUL HARIS - NEW,ABDUL HARIS - NEW
PT. UBER SARI KERTALANGU - NEW,PT. UBER SARI KERTALANGU - NEW
CV. MAHARDIKA JAYA - HO,CV. MAHARDIKA JAYA
KUANG - KUANG SUPPLIER - NEW,KUANG - KUANG SUPPLIER
PDAM TIRTA BENING PATI - NEW,PDAM TIRTA BENING PATI - NEW
PT. YASA RELASI SEJAHTERA - NEW,PT. YASA RELASI SEJAHTERA - NEW
KODACHI SUKSESTAMA - HO,KODACHI SUKSESTAMA
IMAM SUBECHI - NEW,IMAM SUBECHI - NEW
PT SAFETY SIGN INDONESIA,PT SAFETY SIGN INDONESIA
FAHATHIR KEIZA PASHA (BENGKEL SAHABAT) - NEW,FAHATHIR KEIZA PASHA (BENGKEL SAHABAT) - NEW
RENDI PRATAMA PUTRA,RENDI PRATAMA PUTRA
"PT. KEDAWUNG SETIA INDUSTRIAL, TBK - HO","PT. KEDAWUNG SETIA INDUSTRIAL, TBK"
DIONISIA - NEW,DIONISIA - NEW
JUMARDI - NEW,JUMARDI - NEW
PT. SUMBER JOYO GROUP - NEW,PT. SUMBER JOYO GROUP - NEW
TU BOGOR MINERAL (PT. TIRTA INVESTAMA) - NEW,TU BOGOR MINERAL (PT. TIRTA INVESTAMA)
CV. LUBERMILIE (JURAGAN CHICKEN) - NEW,CV. LUBERMILIE (JURAGAN CHICKEN) - NEW
MUCHAMMAD DJARUSMAN - NEW,MUCHAMMAD DJARUSMAN - NEW
DUDDING - NEW,DUDDING - NEW
CV. BIMA,CV. BIMA
TRIANTO MEBEL - HO,TRIANTO MEBEL
PT. BOGATECH MUTIARA WIJAYA - HO,PT. BOGATECH MUTIARA WIJAYA
ABDUL MA'RUF RAUF (LAND CLEARING) - NEW,ABDUL MA'RUF RAUF (LAND CLEARING) - NEW
PT WISWANI KHARYA MANDIRI,PT WISWANI KHARYA MANDIRI
PT. PRIMA PELITA GAS - NEW,PT. PRIMA PELITA GAS
PT. DWIPAPURI ABADI - NEW,PT. DWIPAPURI ABADI - NEW
BADAN PENDAPATAN DAERAH KAB. MAJALENGKA - NEW,BADAN PENDAPATAN DAERAH KAB. MAJALENGKA - NEW
"TIRTO WIGUNO, SH, M.KN - NEW","TIRTO WIGUNO, SH, M.KN - NEW"
CV BOGOR KARYA,CV BOGOR KARYA
CV. TIRTA ANGKASA - NEW,CV. TIRTA ANGKASA - NEW
AWAN BUDIARTA - NEW,AWAN BUDIARTA - NEW
PT. RAJA ALEEA NUSANTARA - NEW,PT. RAJA ALEEA NUSANTARA - NEW
RICKY SALMON - NEW,RICKY SALMON - NEW
HUZAIBI FARHAN - NEW,HUZAIBI FARHAN - NEW
CV. SINNAR LUCIANA JAYA - NEW,CV. SINNAR LUCIANA JAYA - NEW
PT. ELO KARSA UTAMA - NEW,PT. ELO KARSA UTAMA - NEW
YOHANES ROBERT PRAYOKO - NEW,YOHANES ROBERT PRAYOKO - NEW
HANNY SITI TANARA MARAH DJANI SH - NEW,HANNY SITI TANARA MARAH DJANI SH - NEW
DONNY RIVAI - NEW,DONNY RIVAI - NEW
FIRDAUS - NEW,FIRDAUS - NEW
PT. SINAR SAKTI METALINDO - NEW,PT. SINAR SAKTI METALINDO - NEW
PT. WAHYU JAYA SEMARANG - NEW,PT. WAHYU JAYA SEMARANG
M AVAN BASRI - NEW,M AVAN BASRI - NEW
OEY MARIYANTY KUSUMAWATY - NEW,OEY MARIYANTY KUSUMAWATY - NEW
PT PANCANAKA BERKAH MEDIKA - HO,PT PANCANAKA BERKAH MEDIKA
YADI SURYADI - NEW,YADI SURYADI - NEW
PT. CAHAYA INTI PUTRA SEJAHTERA - NEW,PT. CAHAYA INTI PUTRA SEJAHTERA - NEW
PT. JENSINA ATARA SENTOSA - NEW,PT. JENSINA ATARA SENTOSA - NEW
KERATON CRAFT - HO,KERATON CRAFT
VILEZA ALDYAN - NEW,VILEZA ALDYAN - NEW
MUHAMMAD FAJRIN - NEW,MUHAMMAD FAJRIN - NEW
PT PRATAMA ABADI SANTOSO - NEW,PT PRATAMA ABADI SANTOSO
TAHU PIPIT - HO,TAHU PIPIT
ENDANG ARIYANTI S.HUT - NEW,ENDANG ARIYANTI S.HUT - NEW
PT. UNILAB PERDANA - NEW,PT. UNILAB PERDANA - NEW
KEBUN WIRA KARAWANG - NEW,KEBUN WIRA KARAWANG
PT. ORIENTAL ABADI INDONESIA - HO,PT. ORIENTAL ABADI INDONESIA
PT. LISSOM INDONESIA - NEW,PT. LISSOM INDONESIA - NEW
PT. LAWANGMAS PRIMAPACK INDONESIA - NEW,PT. LAWANGMAS PRIMAPACK INDONESIA - NEW
TOKO DUA SEMBILAN - NEW,TOKO DUA SEMBILAN - NEW
PT. GUNUNG AGUNG SENTOSA - NEW,PT. GUNUNG AGUNG SENTOSA
UNICORN INTERIOR - NEW,UNICORN INTERIOR - NEW
NENY SULISTYOWATI (BELLVANIA FOODS) - NEW,NENY SULISTYOWATI (BELLVANIA FOODS) - NEW
CV. BAMA MULTI TECHNIK - NEW,CV. BAMA MULTI TECHNIK - NEW
HERU PERMADI - NEW,HERU PERMADI - NEW
PT. SINAR MULIA PERSADA - NEW,PT. SINAR MULIA PERSADA
TITIEK IRAWATI - NEW,TITIEK IRAWATI - NEW
CV TRI KARYA MASAGI,CV TRI KARYA MASAGI
BAHARUDDIN (UD RESKI) - NEW,BAHARUDDIN (UD RESKI) - NEW
PERUMDA AIR MINUM TIRTA RAHARJA - NEW,PERUMDA AIR MINUM TIRTA RAHARJA - NEW
CV MILLINIUM JAYA,CV MILLINIUM JAYA
PRIYANTO (BENGKEL LAS PRIE) - NEW,PRIYANTO (BENGKEL LAS PRIE) - NEW
CV. REYKEINDO - NEW,CV. REYKEINDO - NEW
HENDRA GUNAWAN (PRIMA UTAMA) - NEW,HENDRA GUNAWAN (PRIMA UTAMA)
PT MULIA CIPTA KONSTRUKSI - NEW,PT MULIA CIPTA KONSTRUKSI - NEW
PT. MULIA FROZINDO REFRIGERASI - NEW,PT. MULIA FROZINDO REFRIGERASI - NEW
BALENDER STORE - NEW,BALENDER STORE - NEW
AHMAD NI'AMULLAH (JAYA JAYA) - NEW,AHMAD NI'AMULLAH (JAYA JAYA) - NEW
SANA ROHADATUL AISY,SANA ROHDATUL AISY
ARIF BARA IBRAHIM BURHAN (RAIYHAN TEKNIK) - NEW,ARIF BARA IBRAHIM BURHAN (RAIYHAN TEKNIK) - NEW
PT. ANANDA SARI TEKNIK,PT. ANANDA SARI TEKNIK
"KULIT PANGSIT SIOMAY ""ANIS"" - NEW","KULIT PANGSIT SIOMAY ""ANIS"""
PRIMARAMA TANDIPUANG,PRIMARAMA TANDIPUANG
PT CAHAYA SETIA UTAMA BALIKPAPAN - NEW,PT CAHAYA SETIA UTAMA BALIKPAPAN - NEW
HAN SOEGIANTO DANNY,HAN SOEGIANTO DANNY
FACHRUROZI - NEW,FACHRUROZI - NEW
SUSANTO - NEW,SUSANTO - NEW
SAKTI HARLAMBANG - NEW,SAKTI HARLAMBANG - NEW
CV. AUTO ID TECHNOLOGIES - NEW,CV. AUTO ID TECHNOLOGIES - NEW
SUWARNO - NEW,SUWARNO - NEW
CV. DUA PUTRA BRILIANT - NEW,CV. DUA PUTRA BRILIANT - NEW
PT. GLOBAL FARMINDO LESTARI - NEW,PT. GLOBAL FARMINDO LESTARI - NEW
PT. TRIOMITRA HAKERSAM - NEW,PT. TRIOMITRA HAKERSAM
FERDIANTO (MEBEL) - NEW,FERDIANTO (MEBEL) - NEW
SLAMET - NEW,SLAMET - NEW
RAKHMAT YUDO PERMADI - NEW,RAKHMAT YUDO PERMADI - NEW
DIAN WIDATAMA - NEW,DIAN WIDATAMA - NEW
AGEN TELUR MAGELANG (BIL HAIDAR) - NEW,AGEN TELUR MAGELANG (BIL HAIDAR)
UD. KULIT PANGSIT & MIE MUNCUL - NEW,UD. KULIT PANGSIT & MIE MUNCUL
PT. ROYAL SUTAN AGUNG - HO,PT. ROYAL SUTAN AGUNG
SULISTIONO - NEW,SULISTIONO - NEW
CV. SAGTI KARYA PRATAMA,CV. SAGTI KARYA PRATAMA
MOCHAMMAD RIDWAN - NEW,MOCHAMMAD RIDWAN - NEW
CV HANA CENTRAL - NEW,CV HANA CENTRAL - NEW
MUHAMMAD REZA,MUHAMMAD REZA
AYAM (HERMAN) - NEW,AYAM (HERMAN)
TELUR (FINE FARM) - NEW,TELUR (FINE FARM)
AGEN TELUR DEVANO - NEW,AGEN TELUR DEVANO
TOKO MAJU MAPAN - NEW,TOKO MAJU MAPAN
PT. GASTRO GIZI SARANA - HO,PT. GASTRO GIZI SARANA
GUFRON EFENDI,GUFRON EFENDI
CV. MAPAN ANUGERAH TEKNIK - NEW,CV. MAPAN ANUGERAH TEKNIK - NEW
KEN AROK COMP (TEKNISI) - HO,KEN AROK COMP (TEKNISI)
MEDIA TJANDRA WIDJAJA - NEW,MEDIA TJANDRA WIDJAJA - NEW
PT. PUTRA CHANDRA SENTOSA - HO,PT. PUTRA CHANDRA SENTOSA - HO
CAHAYA TELUR - NEW,CAHAYA TELUR - TANPUS
JOHAN CELL - NEW,JOHAN CELL
INTERACTIVE - HO,INTERACTIVE
AFRIYAN SAPUTRA (LA RATU ES KRISTAL) - NEW,AFRIYAN SAPUTRA (LA RATU ES KRISTAL) - NEW
EVI ROSMANASARI - NEW,EVI ROSMANASARI - NEW
SETIA BUDI S.H - NEW,SETIA BUDI S.H - NEW
NOVI ANGGREINI - NEW,NOVI ANGGREINI - NEW
ENDAH SULIYANTI - NEW,ENDAH SULIYANTI - NEW
MOHAMMAD - NEW,MOHAMMAD - NEW
PT. ARIE KARYA UTAMA - NEW,PT. ARIE KARYA UTAMA - NEW
GUNAWARMAN - NEW,GUNAWARMAN - NEW
AHMAD JAELANI (LANCAR BAROKAH TEKNIK) - NEW,AHMAD JAELANI (LANCAR BAROKAH TEKNIK) - NEW
RUWANTO,RUWANTO
PT. LABORATORIUM SOLUSI INDONESIA - HO,PT. LABORATORIUM SOLUSI INDONESIA
PERUSAHAAN UMUM DAERAH AIR MINUM GIRI TIRTA SARI KABUPATEN WONOGIRI - NEW,PERUSAHAAN UMUM DAERAH AIR MINUM GIRI TIRTA SARI KABUPATEN WONOGIRI - NEW
PT. LAMIN DESAIN ARSITEKTUR - NEW,PT. LAMIN DESAIN ARSITEKTUR - NEW
MEILINA SIDARTA - NEW,MEILINA SIDARTA - NEW
"WIJANTO SUWONGSO, SH - NEW","WIJANTO SUWONGSO, SH - NEW"
PT PILAR MANDIRI PERKASA - NEW,PT PILAR MANDIRI PERKASA - NEW
MIRA MARIZAL - NEW,MIRA MARIZAL - NEW
CV. ADI BERKAH JAYA - NEW,CV. ADI BERKAH JAYA - NEW
SULIS AL HAKAM (SEPASANG CCTV) - NEW,SULIS AL HAKAM (SEPASANG CCTV) - NEW
MARIZAN ADI PRANOTO,MARIZAN ADI PRANOTO
PT. INDO MATRA FUMIGA - DCSMG,PT. INDO MATRA FUMIGA
NUR ROHMATUN - NEW,NUR ROHMATUN - NEW
"A'AN LAIGIAN, S.H - NEW","A'AN LAIGIAN, S.H - NEW"
AUDREY KOTANDENGAN - NEW,AUDREY KOTANDENGAN - NEW
PT. ANDALAN TEKNOLOGI MANDIRI - NEW,PT. ANDALAN TEKNOLOGI MANDIRI - NEW
PT MESIN KASIR ONLINE - HO,PT MESIN KASIR ONLINE
PT. JOVAN ABADI MAKMUR - NEW,PT. JOVAN ABADI MAKMUR - NEW
PT. UTAMA SUKSES ENJINIRING - HO,PT. UTAMA SUKSES ENJINIRING
CV WIRATECH JAYA MANDIRI - HO,CV WIRATECH JAYA MANDIRI
PT. GLORY OFFSET PRESS - NEW,PT. GLORY OFFSET PRESS - NEW
BUHARI YANA - NEW,BUHARI YANA - NEW
CV. BERKAH JAYA KONTRUKSI - NEW,CV. BERKAH JAYA KONSTRUKSI - NEW
CV FARIN KONSULINDO,CV FARIN KONSULINDO
YULIYANA - NEW,YULIYANA - NEW
YENPRIMA MEBEL (HENDRA SUWITO) - NEW,YENPRIMA MEBEL (HENDRA SUWITO) - NEW
TITI SULISTYOWATI - NEW,TITI SULISTYOWATI - NEW
TOKO SINAR ALAM (JEMY SORENSEN) - NEW,TOKO SINAR ALAM (JEMY SORENSEN) - NEW
PT. DELTA NEVA ANGKASA - NEW,PT. DELTA NEVA ANGKASA - NEW
PT. WEB MEDIA TECHNOLOGY INDONESIA - NEW,PT WEB MEDIA TECHNOLOGY INDONESIA - NEW
"HERDIMANSYAH CHAIDIRSYAH, SH","HERDIMANSYAH CHAIDIRSYAH, SH"
CV. MEDSTUF SARANA MEDIKA - DCSMG,CV. MEDSTUF SARANA MEDIKA
DINAS LINGKUNGAN HIDUP DAN KEBERSIHAN KABUPATEN SIDOARJO - NEW,DINAS LINGKUNGAN HIDUP DAN KEBERSIHAN KABUPATEN SIDOARJO - NEW
PT. NEW PRAKTIKA ALKESINDO - NEW,PT. NEW PRAKTIKA ALKESINDO - NEW
HAN HAN SUBHAN (AMANAH UTAMA),HAN HAN SUBHAN (AMANAH UTAMA)
VICKY EKO PRASETYO (DEPO RIZKY TIRTA) - NEW,VICKY EKO PRASETYO (DEPO RIZKY TIRTA) - NEW
DUDY MINTARYA - NEW,DUDY MINTARYA - NEW
PT INDESSO NIAGATAMA - HO,PT INDESSO NIAGATAMA
PT KREATIF DINAMIKA INTEGRASI - HO,PT KREATIF DINAMIKA INTEGRASI
CV. MANUNGGAL ABADI TEKNIK - NEW,CV. MANUNGGAL ABADI TEKNIK - NEW
NAPOCLEAN - HO,NAPOCLEAN
PT. ANUGERAH ZAYN AKBAR - NEW,PT. ANUGERAH ZAYN AKBAR - NEW
PT. GEMILANG MULTI XOLUSINDO,PT. GEMILANG MULTI XOLUSINDO
PT. KRISBOW INDONESIA - HO,PT. KRISBOW INDONESIA
CV. GALAKSI MEGA INDAH (BIMA SAKTI) - NEW,CV. GALAKSI MEGA INDAH (BIMA SAKTI)
MOCH. ABURIZAL FATWA - NEW,MOCH. ABURIZAL FATWA - NEW
FARISAL AKBAR ROFIUSSAN - NEW,FARISAL AKBAR ROFIUSSAN - NEW
PERUSAHAAN UMUM DAERAH AIR MINUM TIRTA BUMI SENTOSA - NEW,PERUSAHAAN UMUM DAERAH AIR MINUM TIRTA BUMI SENTOSA - NEW
TOKO PERDANA - NEW,TOKO PERDANA
NONO AHMAD SUKMANA,NONO AHMAD SUKMANA
PT SAMUDRA BIRU KONSTRUKSI,PT SAMUDRA BIRU
CITRA MEBEL - DCSMG,CITRA MEBEL
AHMAD ABDUL YUSRON (CAHAYA SAYUR) - NEW,AHMAD ABDUL YUSRON (CAHAYA SAYUR) - NEW
GLORIA PUSAT MIE - NEW,GLORIA PUSAT MIE
RD ILHAM RIZKIA MUCHARAM - NEW,RD ILHAM RIZKIA MUCHARAM - NEW
IBRAHIM ARDYGA - NEW,IBRAHIM ARDYGA - NEW
PT. SURYA MEGA LAKSANA (ANDREA DJAJA) - HO,SODIUM BENZOAT (ANDREA DJAJA)
PERUMDA TIRTA BENTENG - NEW,PERUMDA TIRTA BENTENG - NEW
BERKAH JAYA VIR2 - NEW,BERKAH JAYA VIR2
HERMAN FELANI,HERMAN FELANI
CV. CIPTA KARSA MANUNGGAL,CV. CIPTA KARSA MANUNGGAL
CV. DAMAI SEJAHTERA - NEW,CV. DAMAI SEJAHTERA - NEW
PT MITRA USAHA HORTINDO - NEW,PT MITRA USAHA HORTINDO - NEW
KECAP SAWI (CV. PRIMARASA FOOD INDUSTRI) - HO,KECAP SAWI (CV. PRIMARASA FOOD INDUSTRI)
ROSIDA SIREGAR - NEW,ROSIDA SIREGAR - NEW
DEWI EKA PUSPITA - NEW,DEWI EKA PUSPITA - NEW
PERUMDA AIR MINUM TIRTA AYU KABUPATEN TEGAL - NEW,PERUMDA AIR MINUM TIRTA AYU KABUPATEN TEGAL - NEW
PT. CATUR MANUNGGAL KONSTRUKSI - NEW,PT. CATUR MANUNGGAL KONSTRUKSI - NEW
PT. INTRALAB EKATAMA - NEW,PT. INTRALAB EKATAMA - NEW
MITRA JAYA - NEW,MITRA JAYA - NEW
SEDOT LIMBAH EXPRES (ROMLAH THOYIBATUL M),SEDOT LIMBAH EXPRES (ROMLAH THOYIBATUL M)
AHMAD NURCAHYONO (SEDOT WC LANCAR WANGI) - NEW,AHMAD NURCAHYONO (SEDOT WC LANCAR WANGI) - NEW
"ETY NURHASANAH, S.H","ETY NURHASANAH, S.H"
CV. MAHARDHIKA JAYA - HO,CV. MAHARDIKA JAYA
CV. RAMORA FORTUNGGAL - NEW,CV. RAMORA FORTUNGGAL
AKHMAD (VINNA MIE) - NEW,AKHMAD (VINNA MIE)
AWATI (VINNA MIE) - NEW,AWATI (VINNA MIE)
MIE YEN - NEW,MIE YEN
SYAHURI (VINNA MIE) - NEW,SYAHURI (VINNA MIE)
GALON RAJAWALI (VIFTI) - NEW,GALON RAJAWALI (VIFTI)
PT. HARA BERKAH ABADI (VINNA MIE) - NEW,PT. HARA BERKAH ABADI (VINNA MIE) - NEW
MASRUCHIM (LUCKY BERKAH JAYA) - NEW,MASRUCHIM (LUCKY BERKAH JAYA) - NEW
ENI (VINNA MIE) - NEW,ENI (VINNA MIE)
NASIKUN (VINNA MIE) - NEW,NASIKUN (VINNA MIE)
PRAMITA (VINNA MIE) - NEW,PRAMITA (VINNA MIE)
CV. RUNWELL TECHNOLOGY,CV. RUNWELL TECHNOLOGY
CV. JAYA AGUNG SUKSES PERKASA - HO,CV. JAYA AGUNG SUKSES PERKASA
PT. SESAWI BANGUN KONSTRUKSI,PT. SESAWI BANGUN KONSTRUKSI
ANDY ERWAN FEBRIANTO (M-DY SERVICE COMPUTER),ANDY ERWAN FEBRIANTO (M-DY SERVICE COMPUTER)
RUVODO - HO,RUVODO
ALI UMAR,ALI UMAR
SUJARI,SUJARI
PT. KAHAR DUTA SARANA - HO,PT. KAHAR DUTA SARANA
PT. JAYA REAL PROPERTY - NEW,PT. JAYA REAL PROPERTY - NEW
FRANSISKA,FRANSISKA
TINO LAMBANG PRASETYO,TINO LAMBANG PRASETYO
RUDI SUHARTONO,RUDI SUHARTONO
YULIUS WAHYU DINATA SOEGONDO,YULIUS WAHYU DINATA SOEGONDO
SINERGI PRIMA INTI,SINERGI PRIMA INTI
ABDUL HAFID (DEPOT ES KRISTAL MATAHARI),ABDUL HAFID (DEPOT ES KRISTAL MATAHARI)
PT. ARCS HOUSE,PT. ARCS HOUSE
CV BIMA TEGAL - HO,CV BIMA TEGAL
HERMAN,HERMAN
MARY MARIA,MARY MARIA
PERUSAHAAN UMUM DAERAH AIR MINUM TIRTA AGUNG KABUPATEN TEMANGGUNG,PERUSAHAAN UMUM DAERAH AIR MINUM TIRTA AGUNG KABUPATEN TEMANGGUNG
FERYANTO,FERYANTO
CV. AMAL ABADI,CV. AMAL ABADI
CV. PUTRA TIRO,CV. PUTRA TIRO
CV BELLA ANGGRAINI SEJAHTERA - NEW,CV BELLA ANGGRAINI SEJAHTERA
TJO WAN HA / DANIEL PRIBADHI H W,TJO WAN HA / DANIEL PRIBADHI H W
ELMIA PRADIBTA,ELMIA PRADIBTA
H. EMO KARTO,H. EMO KARTO
PT. EXABYTES NETWORK INDONESIA - HO,PT. EXABYTES NETWORK INDONESIA
PT. RUKUN MANDIRI PERKASA (CRISTINE) - HO,PT. RUKUN MANDIRI PERKASA
CV AKARI PUTRA SCIENTIFIC - HO,CV AKARI PUTRA SCIENTIFIC
ZULHAM EFENDI,ZULHAM EFENDI
SATRIA AMI PUTRA A,SATRIA AMI PUTRA A
ACHMAD DJUWAINI,ACHMAD DJUWAINI
PT. PUTRA WINAREKSA - NEW,PT. PUTRA WINAREKSA - NEW
H SUPENDI,H SUPENDI
MUCHAMAD AL HILAL,MUCHAMAD AL HILAL
"LUKAS UNGGUL, DRS","LUKAS UNGGUL, DRS"
PT. SIGMA MEDIA ASIA - NEW,PT. SIGMA MEDIA ASIA - NEW
EKA YONGTONO,EKA YONGTONO
SULAKSONO MEBEL - HO,SULAKSONO MEBEL
PERUMDA AIR MINUM TIRTA KOTA GORONTALO,PERUMDA AIR MINUM TIRTA KOTA GORONTALO
PERUMDA AIR MINUM TIRTA AMERTA KABUPATEN BLORA,PERUMDA AIR MINUM TIRTA AMERTA KABUPATEN BLORA
PERUMDA AIR MINUM TIRTA WILIS KABUPATEN NGANJUK,PERUMDA AIR MINUM TIRTA WILIS KABUPATEN NGANJUK
CV TRIWAN JAYA TEKNIK - NEW,CV TRIWAN JAYA TEKNIK - NEW
AKHMAD SUBAIK,AKHMAD SUBAIK
PT AGRIDESA PANEN MAKMUR - NEW,PT AGRIDESA PANEN MAKMUR
PT. FOODINA INOVASI RASA,PT. FOODINA INOVASI RASA
SRI SUMIRAH,SRI SUMIRAH
WIJAYA SUPRIYADI,WIJAYA SUPRIYADI
BAMBANG PRANOWO,BAMBANG PRANOWO
PT. LIA CIPTA USAHA - NEW,PT. LIA CIPTA USAHA
PT. MURA KRISTAL SEMARANG - NEW,PT. MURA KRISTAL SEMARANG
ANDHIKA BUDIANTO,ANDHIKA BUDIANTO
ARIF WIDIANTO,ARIF WIDIANTO
CV. GARUDA NUSANTARA TEKNIK - HO,CV. GARUDA NUSANTARA TEKNIK
SETIYONO,SETIYONO
MARIO GLENN ANGOUW,MARIO GLENN ANGOUW
AHMAD RISMAN,AHMAD RISMAN
PT. MURA KRISTAL PARAHYANGAN - NEW,PT. MURA KRISTAL PARAHYANGAN - NEW
PT. DIAN KENCANA MANUNGGAL ABADI,PT. DIAN KENCANA MANUNGGAL ABADI
PERUSAHAAN UMUM DAERAH TIRTA BHAGASASI - NEW,PERUSAHAAN UMUM DAERAH TIRTA BHAGASASI - NEW
HADRIANUS GUYUB BUDI (MAS SERVICE),HADRIANUS GUYUB BUDI (MAS SERVICE)
HALDYAN DENISA,HALDYAN DENISA
MUNADI BAYAN,MUNADI BAYAN
PT. DUA ABADI KONSTRUKSI,PT. DUA ABADI KONSTRUKSI
TETTY ROSDIANA SITORUS,TETTY ROSDIANA SITORUS
SRIHADI EKO YUWONO,SRIHADI EKO YUWONO
AGUS SETIAWAN,AGUS SETIAWAN
PT. RENTOKIL INDONESIA - NEW,PT. RENTOKIL INDONESIA - NEW
SITI NUR ISMININGSIH,SITI NUR ISMININGSIH
SULISTIYANI,SULISTIYANI
PRISCILLA LITA SUSANA,PRISCILLA LITA SUSANA
CV. JAYABARU PERSADA PRIMA - NEW,CV. JAYABARU PERSADA PRIMA - NEW
SUDARMAN,SUDARMAN
CV. TIRTA RAHARJA - NEW,CV. TIRTA RAHARJA
MYRNA FITRIA RACHIM,MYRNA FITRIA RACHIM
NILAWATY PUSPANINGSIH,NILAWATY PUSPANINGSIH
RAIMOND LAMANDASA,RAIMOND LAMANDASA
PT. KHARISMA STARVISION PLUS,PT. KHARISMA STARVISION PLUS
PT. DIARINDO KRISNATAMA INDONESIA,PT. DIARINDO KRISNATAMA INDONESIA
DRAJAT MUHAMMAD NUR,DRAJAT MUHAMMAD NUR
ARBAIN,ARBAIN
HANDREAN S,HANDREAN S
ABDULLAH SRUDHADI,ABDULLAH SRUDHADI
PERUSAHAAN DAERAH AIR MINUM KAB. MINAHASA,PERUSAHAAN DAERAH AIR MINUM KAB. MINAHASA
PERUMDA AIR MINUM TIRTA ARGAPURA,PERUMDA AIR MINUM TIRTA ARGAPURA
EDI TJANDRA,EDI TJANDRA
MOHAMAD DAMA,MOHAMAD DAMA
"ABDUL MANAN, SE","ABDUL MANAN, SE"
SUNARTI HARDJO,SUNARTI HARDJO
PT. PARAMA ABADI SEJAHTERA INTERNASIONAL - NEW,PT. PARAMA ABADI SEJAHTERA INTERNASIONAL - NEW
JUMADIL KUDDUS. YS (GROWING ART),JUMADIL KUDDUS. YS (GROWING ART)
EDY MAHKYIN,EDY MAHKYIN
ANDIKA,ANDIKA
ACHMAD BUDIMAN,ACHMAD BUDIMAN
JAYA MAKMUR - HO,JAYA MAKMUR
FAZLUR RAHMAN,FAZLUR RAHMAN
ANGGORO TANURAHARDJO,ANGGORO TANURAHARDJO
PT. SWISS YUTA JAYA BANDUNG - NEW,PT. SWISS YUTA JAYA BANDUNG
PT. AGENG SAMUDRA MADU,PT. AGENG SAMUDRA MADU
PT. ADI RAHA DANI,PT. ADI RAHA DANI
DRA LANNI TANUDIHARDJA,DRA LANNI TANUDIHARDJA
PT. SENTRAL PAJAJARAN PROPERTI,PT. SENTRAL PAJAJARAN PROPERTI
BIJI HOME DECOR - NEW,BIJI HOME DECOR - NEW
RENDICA ELVIN FERDIYANA,RENDICA ELVIN FERDIYANA
IVANA NOVITA WIYOGO (FROSTY),IVANA NOVITA WIYOGO (FROSTY)
AZZALYA NABILA,AZZALYA NABILA
PT. BERUANG ADVERTISING SOLUSINDO,PT. BERUANG ADVERTISING SOLUSINDO
PT. WIGATI KARYA ABADI,PT. WIGATI KARYA ABADI
INDUSTRIA (DOMA WOOD PROJECT) - HO,INDUSTRIA (DOMA WOOD PROJECT)
BUDIMAN KUSMANTO,BUDIMAN KUSMANTO
PT. HAMZAH PROPERTI INDONESIA,PT. HAMZAH PROPERTI INDONESIA
PT. SAYURPLUS GLOBAL INDONESIA,PT. SAYURPLUS GLOBAL INDONESIA
PT. BALINA  AGUNG PERKASA - NEW,PT. BALINA  AGUNG PERKASA
PT. ALAM ANUGERAH SARANA DAYA - NEW,PT. ALAM ANUGERAH SARANA DAYA
YOYON,YOYON
NUSA TEKNIK MOJOKERTO (TEKNISI) - HO,NUSA TEKNIK MOJOKERTO (TEKNISI)
PT. DIGITAL ASIA UTAMA,PT. DIGITAL ASIA UTAMA
FATIMAH AL ZAHRA,FATIMAH AL ZAHRA
B SARWONO PRINGADI,B SARWONO PRINGADI
CV. ADHIKARA WIJAYA PUTRA (TEKNISI) - HO,CV. ADHIKARA WIJAYA PUTRA
ANDY TEDJOKUSUMO,ANDY TEDJOKUSUMO
CHRISTIAN SUTANTO,CHRISTIAN SUTANTO
PERUMDA AIR MINUM TIRTA SATRIA,PERUMDA AIR MINUM TIRTA SATRIA
EKO HENRY SUHARTANTO,EKO HENRY SUHARTANTO
JERRY CHENDARMA,JERRY CHENDARMA
MITRA MART - NEW,MITRA MART
PT. GEA WESTFALIA SEPARATOR INDONESIA,PT. GEA WESTFALIA SEPARATOR INDONESIA
SITI NURFADILLAH RAF'ALDINI,SITI NURFADILLAH RAF'ALDINI
CV. JAYA TECHNOLOGY SOLUSINDO,CV. JAYA TECHNOLOGY SOLUSINDO
SITI MAISYAROH,SITI MAISYAROH
MUH. FIKRUDDIN BURAERAH ABD HAKIM,MUH. FIKRUDDIN BURAERAH ABD HAKIM
RIZKI MAULANA,RIZKI MAULANA
"SANTOSO SOEGIARTO, IR","SANTOSO SOEGIARTO, IR"
AKHMAD NUR FAUZI,AKHMAD NUR FAUZI
PT. DUTAMASINDO LABORA JAYA - NEW,PT. DUTAMASINDO LABORA JAYA
M. ARIEF RACHMAD (VINNA MIE) - NEW,M. ARIEF RACHMAD (VINNA MIE) - NEW
DARSONO (VINNA MIE) - NEW,VINNA MIE
PT. FIRST NATIONAL COOLING INDUSTRY,PT. FIRST NATIONAL COOLING INDUSTRY
ASYRAF HAMID,ASYRAF HAMID
PT. BUMI PEMBANGUNAN PERTIWI - NEW,PT. BUMI PEMBANGUNAN PERTIWI
PT. PUTRA CELEBES UTAMA MANDIRI,PT. PUTRA CELEBES UTAMA MANDIRI
CV. REVORMA KURNIA,CV. REVORMA KURNIA
KUMAEDI (KOMET TEKNIK),KUMAEDI (KOMET TEKNIK)
ADE HILMAN FATAHILLAH,ADE HILMAN FATAHILLAH
PT. MASTER ARTHA KHARISMA,PT. MASTER ARTHA KHARISMA
PT. MAJUMAPAN BANGUNINDO - NEW,PT. MAJUMAPAN BANGUNINDO - NEW
PUNTA DOLANGANG - NEW,PUNTA DOLANGANG - NEW
LIFEINDO CHERVEZHA KOUNTUR,LIFEINDO CHERVEZHA KOUNTUR
ABD RAHMAN AZIZ,ABD RAHMAN AZIZ
BASKORO CAHYO ROMADHONI,BASKORO CAHYO ROMADHONI
MUHAMAD NAZAR,MUHAMAD NAZAR
SUSANTO CHANDRA,SUSANTO CHANDRA
PT. TRIPERWIRA MULTI PAMENANG,PT. TRIPERWIRA MULTI PAMENANG
JOKO ACRYLIC - HO,JOKO ACRYLIC
PT. ENERGI CAHAYA ALAM,PT. ENERGI CAHAYA ALAM
ISHAK,ISHAK
MICHAEL ROMMEL WALIAN,MICHAEL ROMMEL WALIAN
NOVAL INDRAYANI,NOVAL INDRAYANI
TOBRONI SAYIDI,TOBRONI SAYIDI
MUCHAMAD MUNIR,MUCHAMAD MUNIR
MARCELLA ROSSA AURALIA - NEW,MARCELLA ROSSA AURALIA - NEW
JEFFRY (JIN WEI BOGA) - NEW,JEFFRY (JIN WEI BOGA) - NEW
PT. PENGEMBANG SISTEM MANAJEMEN - NEW,PT. PENGEMBANG SISTEM MANAJEMEN - NEW
PT PLASMA CENTRE INDONESIA - HO (CP 2),PT PLASMA CENTRE INDONESIA
DIAN PUTRI ANJANI,DIAN PUTRI ANJANI
RANTI SYILVIA,RANTI SYILVIA
EDI PRIYONO,EDI PRIYONO
PT. MITRA INTEGRASI INFORMATIKA - HO,PT. MITRA INTEGRASI INFORMATIKA
THERESIA LINTANG KUSUMA HAPSARI,THERESIA LINTANG KUSUMA HAPSARI
YUNI ANDARYANTI,YUNI ANDARYANTI
MUHAMMAD GALANG AL FATIH,MUHAMMAD GALANG AL FATIH
PT. CATUREKA SUWARNA ABADI - HO,PT. CATUREKA SUWARNA ABADI
PUTRA RUDIS BINTANG BIMA PRAKASA,PUTRA RUDIS BINTANG BIMA PRAKASA
PUTRA MULIA WARDANA,PUTRA MULIA WARDANA
LI FEN,LI FEN
TAN MEI LIE,TAN MEI LIE
PT. CIPTA INFORMATIKA DIGITAL,PT. CIPTA INFORMATIKA DIGITAL
PT. WAKTU IMPIAN NUSANTARA,PT. WAKTU IMPIAN NUSANTARA
ALIBABA STORE - HO,ALIBABA STORE
TOKO RAJA SAKTI - HO,TOKO RAJA SAKTI
CV. KURIR SURAT TANDA NOMOR KENDARAAN,CV. KURIR SURAT TANDA NOMOR KENDARAAN
PT. CORAKWARNA PROMO,PT. CORAKWARNA PROMO
BAMBANG PURWANTO,BAMBANG PURWANTO
CECILIA,CECILIA
HAMID GUNAWAN,HAMID GUNAWAN
PT. MORPHOSA INDONESIA,PT. MORPHOSA INDONESIA
SIGIT RAHARJO (SURYA ABADI TEKNIK),SIGIT RAHARJO (SURYA ABADI TEKNIK)
DJOKO WAHYONO,DJOKO WAHYONO
HERMAN SETIAWAN,HERMAN SETIAWAN
MARINA HAPSARI,MARINA HAPSARI
EDWIN WIDJAJA (PD GADJAH MAS),EDWIN WIDJAJA (PD GADJAH MAS)
PERUMDA AIR MINUM TIRTA MAHAMERU,PERUMDA AIR MINUM TIRTA MAHAMERU
PERUMDA AIR MINUM TIRTA PATRIA KOTA BLITAR (BPAM KODYA BLITAR),PERUMDA AIR MINUM TIRTA PATRIA KOTA BLITAR (BPAM KODYA BLITAR)
PT. JOHARD MEDIATAMA KOTAWARINGIN - NEW,PT. JOHARD MEDIATAMA KOTAWARINGIN - NEW
RIZKI FITRIANI,RIZKI FITRIANI
MUHAMMAD REYZALDY RAHIM,MUHAMMAD REYZALDY RAHIM
SUMARNO,SUMARNO
TOKO BERKAT - NEW,TOKO BERKAT
HERI HERDIANA (COLLECTION BAGSTORE) - NEW,HERI HERDIANA (COLLECTION BAGSTORE) - NEW
PT. PRAHASTA CAKRA UTAMA - NEW,PT. PRAHASTA CAKRA UTAMA - NEW
CV. SENTOSA TEKNIK - HO,CV. SENTOSA TEKNIK
HERLINDA,HERLINDA
SUDIRAN (DAYA MANUNGGAL TEKNIK),SUDIRAN (DAYA MANUNGGAL TEKNIK)
HARIJANI - NEW,HARJANI - NEW
ROBBY YASSIN ABDULLAH,ROBBY YASSIN ABDULLAH
SUPRI MARYANTO ADJI - HO,SUPRI MARYANTO ADJI
FARIDA,FARIDA
PERUMDA AIR MINUM TIRTO PANGURIPAN,PERUMDA AIR MINUM TIRTO PANGURIPAN
AHMAD BARIJI - NEW,AHMAD BARIJI - NEW
SELVI SICILIA KUSIKA,SELVI SICILIA KUSIKA
PERUMDA AIR MINUM SUMEKAR,PERUMDA AIR MINUM SUMEKAR
MOCHAMAD CHILMI FAHRUZI (FORTUNE ONE DIGITAL PRINTING) - NEW,MOCHAMAD CHILMI FAHRUZI (FORTUNE ONE DIGITAL PRINTING) - NEW
HAKIM R - NEW,HAKIM R - NEW
ANGGI APRIYANTO,ANGGI APRIYANTO
HARIANTO (HARY TEKNIK) - NEW,HARIANTO (HARY TEKNIK) - NEW
BANDUNG KOMPUTER JUARA (TEKNISI) - HO,DEDE HENDRA GUNAWAN (TEKNISI)
PT. MUSTIKA MITRA MANDIRI - NEW,PT. MUSTIKA MITRA MANDIRI - NEW
AGUNG TRI SUTRSINO,AGUNG TRI SUTRSINO
PERUMDA AIR MINUM BANYUMILI,PERUMDA AIR MINUM BANYUMILI
PT. AUFAR PUTRA MANDIRI - NEW,PT. AUFAR PUTRA MANDIRI - NEW
IRWANSYAH,IRWANSYAH
CV. KRIA CIPTA UTAMA - NEW,CV. KRIA CIPTA UTAMA - NEW
DINAS KESEHATAN KOTA KEDIRI,DINAS KESEHATAN KOTA KEDIRI
CV. MAKMUR ABADI SALATIGA - NEW,CV. MAKMUR ABADI SALATIGA
PT. ACE HARDWARE INDONESIA - HO,PT. ACE HARDWARE INDONESIA
SHRI PUJIANTI,SHRI PUJIANTI
PT. BERKAWAN SEJAHTERA BERSAMA,PT. BERKAWAN SEJAHTERA BERSAMA
CV. FORTUNA BERKAH ABADI - HO,CV. FORTUNA BERKAH ABADI
PLUMBING SERVIS (SUTARDI),PLUMBING SERVIS (SUTARDI)
PT. CIPTA JAYA INDONESIA - NEW,PT. CIPTA JAYA INDONESIA - NEW
JANTO KUSUMA KOE,JANTO KUSUMA KOE
PERUMDA AIR MINUM TIRTA KAMUNING KABUPATEN KUNINGAN,PERUMDA AIR MINUM TIRTA KAMUNING KABUPATEN KUNINGAN
PT SARANA BELT INDONESIA - HO,PT SARANA BELT INDONESIA
MOH ALI YAHFIE - NEW,MOH ALI YAHFIE - NEW
BADIL NUREKA - NEW,BADIL NUREKA - NEW
DIAN SILVIYANA KHUSNARINI SH,DIAN SILVIYANA KHUSNARINI SH
MUHAMMAD SAYYID KAPIN,MUHAMMAD SAYYID KAPIN
PT. SASTA JAYA REALTY - NEW,PT. SASTA JAYA REALTY - NEW
PT. SATKUS MAKMUR SEJAHTERA,PT. SATKUS MAKMUR SEJAHTERA
PT BERANDA WAWASAN KONSUMEN,PT BERANDA WAWASAN KONSUMEN
PT. ASTA REKAYASA UNGGUL,PT. ASTA REKAYASA UNGGUL
PERUMDAM LAWU TIRTA,PERUMDAM LAWU TIRTA
CV KARYA SUKSES INOVATIF (LANCAR JAYA) - NEW,CV KARYA SUKSES INOVATIF (LANCAR JAYA)
JOKO PRASOJO (JAKA SURYA TEHNIK),JOKO PRASOJO (JAKA SURYA TEHNIK)
SAFRILLAH ANWAR,SAFRILLAH ANWAR
FAJAR RINALDO,FAJAR RINALDO
NUR LAYLI,NUR LAYLI
AGUNG FIRMANSYAH,AGUNG FIRMANSYAH
SRI WINARSIH - NEW,SRI WINARSIH - NEW
CV SURYA PANGAN SEJAHTERA - HO,CV SURYA PANGAN SEJAHTERA
ANTON KURNIAWAN - NEW,ANTON KURNIAWAN - NEW
LIN JUN,LIN JUN
KODACHI SUKSESTAMA - DCSMG,KODACHI SUKSESTAMA
ACH. FAWAIDI,ACH. FAWAIDI
DEDE EKA AHMAD MULYA,DEDE EKA AHMAD MULYA
KAMILATUR ROCHMAH - NEW,KAMILATUR ROCHMAH - NEW
NONHI LUCKY KESSEK,NONHI LUCKY KESSEK
PT. TRIMULIA BANGUN PERSADA,PT. TRIMULIA BANGUN PERSADA
RATNAWATI MULJONO,RATNAWATI MULJONO
PT GRAHA CAKRA INVESTAMA,PT GRAHA CAKRA INVESTAMA
DEWI INDAHWATI,DEWI INDAHWATI
TOKO MESIN MAKSINDO - HO,TOKO MESIN MAKSINDO
PT. ALWI ARGAPURA SEJAHTERA,PT. ALWI ARGAPURA SEJAHTERA
M. ARIF ATMOKO (SEDOT WC) - NEW,M. ARIF ATMOKO (SEDOT WC) - NEW
JUAN MILLIANDO SIREGAR - NEW,JUAN MILLIANDO SIREGAR - NEW
IWARE OFFICIAL STORE - HO,IWARE OFFICIAL STORE
SRI WAHYUNI,SRI WAHYUNI SOEPARDAN
AHMAD YUSROH,AHMAD YUSROH
DEDI HERMAWAN,DEDI HERMAWAN
PT. MAKASSAR TATANAN KOTA,PT. MAKASSAR TATANAN KOTA
PDAM KAB.DATI II KARANGANYAR (PERUMDA AIR MINUM TIRTA LAWU),PDAM KAB.DATI II KARANGANYAR (PERUMDA AIR MINUM TIRTA LAWU)
PT. SUMBER URIP CARGO - NEW,PT. SUMBER URIP CARGO - NEW
CV. JAYA PERSADA MAKASSAR,CV. JAYA PERSADA MAKASSAR
PT. ALFARIA JAYA TJEMERLANG,PT. ALFARIA JAYA TJEMERLANG
PT. TUJUH BERLIAN SAKTI - NEW,PT. TUJUH BERLIAN SAKTI
LANCAR JAYA TIMBANGAN SOLO - HO,LANCAR JAYA TIMBANGAN SOLO
VIDA OLIVIA PRIMA DHANY,VIDA OLIVIA PRIMA DHANY
LUKMAN KHAKIM,LUKMAN KHAKIM
PT. AROMATIK - NEW,PT. AROMATIK
DEDY SUSANTO (DIAN BAGUS TEKNIK) - NEW,DEDY SUSANTO (DIAN BAGUS TEKNIK) - NEW
BANYUMILI,BANYUMILI
PT MULIA GUNUNG MAS - HO,PT MULIA GUNUNG MAS
EDIE RUMANTO,EDIE RUMANTO
GRACIA HADASA ZACHARIA,PAULUS DARMAWAN
PT RADIO GEMA WANA PRIMA,PT RADIO GEMA WANA PRIMA
BAYU PRATAMA,BAYU PRATAMA
LUCY SISWANTO,LUCY SISWANTO
DITYA SHOP - HO,DITYA SHOP
PT. CALTESYS INDONESIA - NEW,PT. CALTESYS INDONESIA - NEW
ILYAS SAFRUDIN,ILYAS SAFRUDIN
CV. BANYU MILI SEJAHTERA,CV. BANYU MILI SEJAHTERA
PT PRAPANCA ENGINEERING - NEW,PT PRAPANCA ENGINEERING - NEW
PT. KIMIA JAYA UTAMA - NEW,PT. KIMIA JAYA UTAMA - NEW
ALBERTUS P PUTRO,ALBERTUS P PUTRO
TIO KOK SING,TIO KOK SING
FAHMI CHOLID,FAHMI CHOLID
TJEN TJIN CHANDRA,TJEN TJIN CHANDRA
PT. SITONDI UTAMA SENTOSA - NEW,PT. SITONDI UTAMA SENTOSA - NEW
CV. JAYA BERSAMA - NEW,CV. JAYA BERSAMA
PT. BELLA ANGGRAINI SEJAHTERA,PT. BELLA ANGGRAINI SEJAHTERA
CV JADE INDOPRATAMA - HO,CV JADE INDOPRATAMA
DELIA SUCIATI,DELIA SUCIATI
MUHAMMAD HASBI HAIRULLAH,MUHAMMAD HASBI HAIRULLAH
CV. ARTANT KURVA KHATULISTIWA,CV. ARTANT KURVA KHATULISTIWA
PAULUS OLIVER YOESOEF - NEW,PAULUS OLIVER YOESOEF - NEW
AGUS RUNANDI,AGUS RUNANDI
PT. NUSANTARA CITRA TRANS UTAMA - NEW,PT. NUSANTARA CITRA TRANS UTAMA - NEW
ABAS JAYA TEKNIK (MUHAMMAD MIFTAH),ABAS JAYA TEKNIK (MUHAMMAD MIFTAH)
CV. FIRMA JAYA UTAMA,CV. FIRMA JAYA UTAMA
MUHAMMAD ABDUL GHOFUR,MUHAMMAD ABDUL GHOFUR
GRACE MARIA FRANSISKA UNTU,GRACE MARIA FRANSISKA UNTU
ALBERT WIDYA ARUNG RAYA,ALBERT WIDYA ARUNG RAYA
AWET LANCAR TEHNIK - HO,AWET LANCAR TEHNIK
PT. PANCA NUSA PERKASA - HO,PT. PANCA NUSA PERKASA
BERKAT ATK - DCSMG,BERKAT ATK
RPA SEKAR AYU - HO,RPA SEKAR AYU
FENNY AGUSTIN,FENNY AGUSTIN
PT. SINAR BERKAT ABADI,PT. SINAR BERKAT ABADI
LEONY JOANNA,LEONY JOANNA
BAMBANG LESMONO (NGALAM STORE) - NEW,BAMBANG LESMONO (NGALAM STORE) - NEW
PT BIMANTARA GRAHA KONTRAKTOR,PT BIMANTARA GRAHA KONTRAKTOR
PT. RANUPANE ALAM SEJAHTERA - HO,PT. RANUPANE ALAM SEJAHTERA
PT. ANDI NURHADI NUSANTARA,PT. ANDI NURHADI NUSANTARA
ANDY AGUS DARMAWAN,ANDY AGUS DARMAWAN
AINUR RASYID,AINUR RASYID
PT MEKARI IDENTITAS DIGITAL,PT MEKARI IDENTITAS DIGITAL
DANI SUGIANTO,DANI SUGIANTO
CV. METRO TEKNOLOGI NUSANTARA,CV. METRO TEKNOLOGI NUSANTARA
PERUMDA AIR MINUM TIRTA TUAH BENUA KUTAI TIMUR,PERUMDA AIR MINUM TIRTA TUAH BENUA KUTAI TIMUR
PT PANCA WANGSA KRETYA MULIA,PT PANCA WANGSA KRETYA MULIA
CV INDIEFEST ADVERTISING - HO,CV INDIEFEST ADVERTISING
SUPRANOWO,SUPRANOWO
GEERTJE DOMPAS,GEERTJE DOMPAS
ONI SERVICE (TEKNISI) - HO,ONI SERVICE (TEKNISI)
CV. KARYA SENTOSA TEKNIK - NEW,CV. KARYA SENTOSA TEKNIK - NEW
WELLY LIANNA (LINEKA SPAREPART),WELLY LIANNA (LINEKA SPAREPART)
CV ENTERINDO RAYA - HO,CV ENTERINDO RAYA
PT. INDONESIA PARTNER SOLUTION - NEW,PT. INDONESIA PARTNER SOLUTION - NEW
PT. RASKITA WIRA JAYA - NEW,PT. RASKITA WIRA JAYA - NEW
PT. PUSPA MAJU - NEW,PT. PUSPA MAJU - NEW
FIKKIH,FIKKIH
ANDI FARADILLAH,ANDI FARADILLAH
PERUSAHAAN UMUM DAERAH AIR MINUM JAYA - NEW,PERUSAHAAN UMUM DAERAH AIR MINUM JAYA - NEW
BIMA PRANATA PUTRA,BIMA PRANATA PUTRA
SYAIFUL HIDAYAT,SYAIFUL HIDAYAT
"SUMARDJO, DRS",SUMARDJO
CV. MUARA ARTHA - HO,CV. MUARA ARTHA
MOCHAMMAD ISTIQLAH NURDIN,MOCHAMMAD ISTIQLAH NURDIN
PT DNP INDONESIA - HO,PT DNP INDONESIA
AIR MINUM TK. II KAB. BANYUWANGI (PERUMDA AIR MINUM BANYUWANGI),AIR MINUM TK. II KAB. BANYUWANGI (PERUMDA AIR MINUM BANYUWANGI)
MAJESTIC FURNITURE - HO,MAJESTIC FURNITURE
CV PALUGADA,CV PALUGADA
PT. RAMA BANGUN INDONESIA,PT. RAMA BANGUN INDONESIA
YANUAR ANDRIANTO,YANUAR ANDRIANTO
PT MAGNA PINASTHIKA FLEXIPACK,PT MAGNA PINASTHIKA FLEXIPACK
DEFRI ERNANTO,DEFRI ERNANTO
PT GAMA INDO MAHARDIKA,PT GAMA INDO MAHARDIKA
ARIES RAHMAT - NEW,ARIES RAHMAT - NEW
PT. RAJAWALI DIESEL INDONESIA,PT. RAJAWALI DIESEL INDONESIA
CV. TERANG MAS UTAMA,CV. TERANG MAS UTAMA
EFFENDY (TOKO KARTIKA JAYA LESTARI) - NEW,EFFENDY (TOKO KARTIKA JAYA LESTARI) - NEW
PT. INSEKTA FOKUSTAMA - NEW,PT. INSEKTA FOKUSTAMA - NEW
YANTHY WIJAYA,YANTHY WIJAYA
PT CIPTA PIRANTI SEJAHTERA - NEW,PT CIPTA PIRANTI SEJAHTERA - NEW
CV. RAGAM PRODUK INDONESIA - NEW,CV. RAGAM PRODUK INDONESIA - NEW
PT. ANAGATA INDOTAMA ENERGI,PT. ANAGATA INDOTAMA ENERGI
PT. GLOBAL TIRTA STAR - NEW,PT. GLOBAL TIRTA STAR
CV ANUGRAH JAYA PERKASA,CV ANUGRAH JAYA PERKASA
PT. MACKESSEN INDONESIA,PT. MACKESSEN INDONESIA
PT. JEMBATAN CITRA NUSANTARA - NEW,PT. JEMBATAN CITRA NUSANTARA - NEW
RONI ABDUL CHOLIS,RONI ABDUL CHOLIS
ABDUL RAHMAN,ABDUL RAHMAN
MUHAMMAD TASRIF,MUHAMMAD TASRIF
MUHAMMAD FAHRUDDIN,MUHAMMAD FAHRUDDIN
RIDA ERINA SARAGIH,RIDA ERINA SARAGIH
AMAR MAULANA,AMAR MAULANA
WAHYUDI - NEW,WAHYUDI - NEW
TITON SADEWA,TITON SADEWA
PT. KEVIN PERSADA MANDIRI,PT. KEVIN PERSADA MANDIRI
PT. PANDAN SUKSES MANDIRI,PT. PANDAN SUKSES MANDIRI
PT. ASTRA INTERNATIONAL TBK - NEW,PT. ASTRA INTERNATIONAL TBK - NEW
PT. PISON CATURKARSA LIBRATAMA,PT. PISON CATURKARSA LIBRATAMA
PT. TRIKAYARASA JAYAFOOD,PT. TRIKAYARASA JAYAFOOD
PT. TOSAN PERMAI LESTARI,PT. TOSAN PERMAI LESTARI
NICKO BAYU PRADANA,NICKO BAYU PRADANA
ACO WAHYUDI EFENDI,ACO WAHYUDI EFENDI
VICE NATALIA WIBIANTY,VICE NATALIA WIBIANTY
CV. INDOPERTAMA - NEW,CV. INDOPERTAMA - NEW
PT. ABADI BERKAT LESTARINDO,PT. ABADI BERKAT LESTARINDO
CV. PRIMA MANDIRI - HO,CV. PRIMA MANDIRI
PT. ALDI UTAMA,PT. ALDI UTAMA
"DIAN INTERNA MURTI,SE","DIAN INTERNA MURTI,SE"
FITRIANY SULAEMAN,FITRIANY SULAEMAN
JASUN CCTV (TEKNISI) - HO,JASUN CCTV (TEKNISI)
CV. CIPTA GRAHA PERSADA,CV. CIPTA GRAHA PERSADA
NUNING,NUNING
BINTANG MANDIRI CCTV (TEKNISI) - HO,BINTANG MANDIRI CCTV (TEKNISI)
FERADIANTO (MEBEL),FERADIANTO (MEBEL)
P. IPUNG - HO,P. IPUNG
PT CAHAYA AGUNG CEMERLANG - NEW,PT CAHAYA AGUNG CEMERLANG
PT. MULTI RASA CITRA SEJATI - NEW,PT. MULTI RASA CITRA SEJATI
PT. GLOBAL SUKSESINDO MANDIRI - NEW,PT. GLOBAL SUKSESINDO MANDIRI
ABDUL ROZZAQ MUFTI (TUKANG MALANG.COM) - NEW,ABDUL ROZZAQ MUFTI - NEW
NEURIE ADV - HO,NEURIE ADV
PT. BINARAYA BERKAH UTAMA,PT. BINARAYA BERKAH UTAMA
WISNU SEPRIANTO,WISNU SEPRIANTO
SAMUEL CHRISTIAN,SAMUEL CHRISTIAN
PRIMANIA GROUP - HO,PRIMANIA GROUP
HAERUL ROHMAN,HAERUL ROHMAN
PT. WAHANA INTI SEJATI,PT. WAHANA INTI SEJAI
ACHMAD WALDY - NEW,ACHMAD WALDY - NEW
CAHYO PRATAMA,CAHYO PRATAMA
ALBERTUS P.PUTRO,ALBERTUS P.PUTRO
MUHAMMAD NATSIR,MUHAMMAD NATSIR
KWARCAB GERAKAN PRAMUKA KOTA BANJARMASIN,KWARCAB GERAKAN PRAMUKA KOTA BANJARMASIN
SURYA MITRA PACK - HO,SURYA MITRA PACK
DICKY FAISAL,DICKY FAISAL
PT. POS PERSERO - HO,PT. POS PERSERO
CV. RAJAWALI JAYA SAKTI,CV. RAJAWALI JAYA SAKTI
PT. SAERAH SURYA PERKASA - NEW,PT. SAERAH SURYA PERKASA
PT JASA KONSULTAN SUKOWATI MANDIRI,PT JASA KONSULTAN SUKOWATI MANDIRI
GEMALA NIRWANA PURI - NEW,GEMALA NIRWANA PURI - NEW
AHMAD ZAINUL MUBAROK,AHMAD ZAINUL MUBAROK
PT. CAHAYA SETIA UTAMA - NEW,PT. CAHAYA SETIA UTAMA - NEW
PT. KARYA INTI MITRA ABADI - HO,PT. KARYA INTI MITRA ABADI
AYYUB U RUMI (UD. MITRA MAKASSAR),AYYUB U RUMI (UD. MITRA MAKASSAR)
CV. ANDHIKA - NEW,CV. ANDHIKA
PT SETIA PAWAN SEJAHTERA RAYA,PT SETIA PAWAN SEJAHTERA RAYA
JOHNNY DADO RAHARDJA,JOHNNY DADO RAHARDJA
AGUS SUSANTO,AGUS SUSANTO
PT. MUSTIKARAMA CITRAPERDANA,PT. MUSTIKARAMA CITRAPERDANA
CV. BINTANG BORNEO,CV. BINTANG BORNEO
CATUR APRIYANTO (CT TEKNIK) - NEW,CATUR APRIYANTO (CT TEKNIK) - NEW
RINA DWI YANI (ANAGATA OPTIMA CREATIVE),RINA DWI YANI
PT. VENDOR GLOBAL SERVICES,PT. VENDOR GLOBAL SERVICES
PT. PERFORMA AUTO SERVIS,PT. PERFORMA AUTO SERVIS
CV. PRATAMA KARYALOKA MANDIRI,CV. PRATAMA KARYALOKA MANDIRI
PT. ARTA JOIL TAPPA - HO,ARTA JOIL TAPPA
CV. SEMBILAN PULUH,CV. SEMBILAN PULUH
CV. TITIPAN KILAT MALANG JAYA - NEW,CV. TITIPAN KILAT MALANG JAYA - NEW
MOHAMAD RIFKI MASLOMAN - NEW,MOHAMAD RIFKI MASLOMAN - NEW
WAHYU SAPUTRA,WAHYU SAPUTRA
FAFI FATHUR ROHMAN - NEW,FAFI FATHUR ROHMAN - NEW
ANG VINCENT LAWRENCE ANGELO SENDOW,ANG VINCENT LAWRENCE ANGELO SENDOW
PT. MEGASURYA NUSALESTARI,PT. MEGASURYA NUSALESTARI
PT. TIRTAKHLORINASI SUKSESINDO - HO,PT. TIRTAKHLORINASI SUKSESINDO
JIMMY LUKMAN,JIMMY LUKMAN
LINDA SUSWATI,LINDA SUSWATI
PT. DAMAI SUKSES MAKMUR - NEW,PT. DAMAI SUKSES MAKMUR - NEW
MEBEL JATI BERSAMA - HO,MEBEL JATI BERSAMA
AGUS TJAHYANA,AGUS TJAHYANA
PT. AMCO JAYA TRI TUNGGAL PRATAMA,PT. AMCO JAYA TRI TUNGGAL PRATAMA
CV. REKA KARYA NAGARI - HO,CV. REKA KARYA NAGARI
PT. KARYA LINTAS SEJAHTERA - NEW,PT. KARYA LINTAS SEJAHTERA - NEW
UD ANDATU MULIA - NEW,UD ANDATU MULIA
PT. NIAGA PERSADA LESTARI,PT. NIAGA PERSADA LESTARI
DWI NUR INDAH SAPUTRI (ANIESQUA),DWI NUR INDAH SAPUTRI (ANIESQUA)
HJ. MUSLIMAH,HJ. MUSLIMAH
PT. INTERAKTIF INTERNASIONAL,INTERACTIVE
MUHAMMAD SHODIQ ANWAR,MUHAMMAD SHODIQ ANWAR
PT. BANDUNG TATANAN KOTA - NEW,PT. BANDUNG TATANAN KOTA - NEW
TATA COMPUTER - NEW,TATA COMPUTER - NEW
JAYA CCTV - HO,JAYA CCTV
CAHAR SAMTAPA - HO,CAHAR SAMTAPA
PT. SALAM PRIMA MANDIRI - NEW,PT. SALAM PRIMA MANDIRI - NEW
PT DAICHINDO SUKSES MANDIRI - HO,PT DAICHINDO SUKSES MANDIRI
PT FURNICE FURNISHING INDONESIA,PT FURNICE FURNISHING INDONESIA
CV. DINAR,CV. DINAR
MUHAMMAD ULIN NUHA (PLANET ADVERTISING),MUHAMMAD ULIN NUHA (PLANET ADVERTISING)
PT. MULIA ABADI INDO - DCMKS,PT. MULIA ABADI INDO
AHMAD SODHIQUR RIZQI,AHMAD SODHIQUR RIZQI
"ADRINA DEVANI SUGIRI, SH","ADRINA DEVANI SUGIRI, SH"
PT. BERSAMA MEMBANGUN BANUA - NEW,PT. BERSAMA MEMBANGUN BANUA - NEW
IDA SRI WAHYUNI - NEW,IDA SRI WAHYUNI - NEW
CV. BINTANG NUSANTARA,CV. BINTANG NUSANTARA
PT. CAHAYA BERLIAN SYUKUR,PT. CAHAYA BERLIAN SYUKUR
PT. ELGAS PRIMAKADE - NEW,PT. ELGAS PRIMAKADE
PT. SATRIA SAKTI,PT. SATRIA SAKTI
PT. PAPA SAMSU,PT. PAPA SAMSU
CV ARJUNA MAKMUR SENTOSA,CV ARJUNA MAKMUR SENTOSA
PT MEGA MAKMUR DISTRINDO,PT MEGA MAKMUR DISTRINDO
PT. ARITA PRIMA INDONESIA TBK,PT. ARITA PRIMA INDONESIA TBK
CV. MAS AGUNG - HO,CV. MAS AGUNG
TJIA YOE GEM (TOKO PLASTIK MORODADI),TJIA YOE GEM (TOKO PLASTIK MORODADI)
PT. TIRTA SARI NIRMALA - HO,PT. TIRTA SARI NIRMALA
ARIF ADI NUGRAHA,ARIF ADI NUGRAHA
HARIYADI,HARIYADI
PT HIPERNET INDODATA,PT HIPERNET INDODATA
PT FIBER NETWORKS INDONESIA,PT FIBER NETWORKS INDONESIA
PT BLIP INTEGRATOR PROVIDER,PT BLIP INTEGRATOR PROVIDER
PT. INTERNET SOLUSI PRIMA - HO,PT. INTERNET SOLUSI PRIMA
PT. MEDIA SARANA DATA - NEW,PT. MEDIA SARANA DATA - NEW
PT. SARANAINSAN MUDASELARAS - NEW,PT. SARANAINSAN MUDASELARAS - NEW
PT. SUMBER FAJAR INTI ABADI,PT. SUMBER FAJAR INTI ABADI
PT. SINAR SUMBER SEHAT,PT. SINAR SUMBER SEHAT
PT. MEGA AKSES PERSADA - HO,PT. MEGA AKSES PERSADA
CV. SUKSES NIAGA JAYA,CV. SUKSES NIAGA JAYA
CV. TIGA SAUDARA - NEW,CV. TIGA SAUDARA - NEW
CV. POLAR ICE CRYSTAL PANDAAN,CV. POLAR ICE CRYSTAL PANDAAN
PT. PULAU BARU MANDIRI - NEW,PT. PULAU BARU MANDIRI - NEW
STE SANY (DIMSUM TOOLS),STE SANY (DIMSUM TOOLS)
PT ESENSI SOLUSI BUANA - HO,PT ESENSI SOLUSI BUANA
PT. IFORTE SOLUSI INFOTEK - NEW,PT. IFORTE SOLUSI INFOTEK - NEW
PT. VARNION TECHNOLOGY SEMESTA - NEW,PT. VARNION TECHNOLOGY SEMESTA - NEW
PT. SMARTFREN TELECOM TBK - NEW,PT. SMARTFREN TELECOM TBK - NEW
PT. ALFA GOLDLAND REALTY - NEW,PT. ALFA GOLDLAND REALTY - NEW
PT. AGRO JAYA KARKAS UNGGUL - NEW,PT. AGRO JAYA KARKAS UNGGUL - NEW
ANANG SAPRUDIN,ANANG SAPRUDIN
PT. TUNAS ABADI BERSAMA - HO,PT. TUNAS ABADI BERSAMA
PT. ALKYRA FANE KARYA,PT. ALKYRA FANE KARYA
RANTI SYILVIA.SH,RANTI SYILVIA
PT. SUPRA PRIMATAMA NUSANTARA - NEW,PT. SUPRA PRIMATAMA NUSANTARA - NEW
CV. NABILA SUMBER WANGI,CV. NABILA SUMBER WANGI
TOKO ADI JAYA - NEW,TOKO ADI JAYA
PT. JERINDO JAYA ABADI - NEW,PT. JERINDO JAYA ABADI
KOP. PUSAT KOPERASI PEGAWAI RI - NEW,KOP. PUSAT KOPERASI PEGAWAI RI
CV. SEJATI - NEW,CV. SEJATI - NEW
PT. ARDITA ADIWARA PERKASA - NEW,PT. ARDITA ADIWARA PERKASA - NEW
CV AJ PUTRA MANDIRI - NEW,CV AJ PUTRA MANDIRI
PT. URIP SUMBER JADI,PT. URIP SUMBER JADI
PT. PLAMBOPRATAMA JOYOSANTOSO,PT. PLAMBOPRATAMA JOYOSANTOSO
CV NIAGA MANDIRI,CV NIAGA MANDIRI
PT TOYA BUMI BERSIH,PT TOYA BUMI BERSIH
PT. EKA ARTHA BUANA - NEW,PT. EKA ARTHA BUANA
PT. BIMA KONTRAKTOR INDONESIA,PT. BIMA KONTRAKTOR INDONESIA
ALEX RIZAL MAULANA,ALEX RIZAL MAULANA
NOVA CHEPTYAN POETRA,NOVA CHEPTYAN POETRA
PT. KINGS NETWORK INDONESIA - HO,PT. KINGS NETWORK INDONESIA
PT. BUMI WIYASA NUSANTARA,PT. BUMI WIYASA NUSANTARA
PT ANEKA REFRITEK INTERNASIONAL,PT ANEKA REFRITEK INTERNASIONAL
PT. XAERUS PERFORMANCE INDONESIA - HO,PT. XAERUS PERFORMANCE INDONESIA
KEDIRI SERVICE CENTER (TEKNISI) - HO,KEDIRI SERVICE CENTER (TEKNISI)
CV MAHKOTA FURNITURE (TOKO MAJESTIC FURNITURE),CV MAHKOTA FURNITURE (TOKO MAJESTIC FURNITURE)
GHUFRON,GHUFRON
PT. SINAR REJEKI BERSAMA,PT. SINAR REJEKI BERSAMAPT. SINAR REJEKI BERSAMA
PT. OLIGASINDO SUMBERABADI - NEW,PT. OLIGASINDO SUMBERABADI
CV AVENA,CV AVENA
PT. TIRTO AGUNG JAYA - NEW,PT. TIRTO AGUNG JAYA - NEW
PT. BANDUNG ICE - NEW,PT. BANDUNG ICE
PT. CIPTA MANDIRI PERKASA - NEW,PT. CIPTA MANDIRI PERKASA
HARIANTO BUDIMAN,HARIANTO BUDIMAN
NGADO YUNEAS MEBAS,NGADO YUNEAS MEBAS
PT BINTANG SINAR JAYA,PT BINTANG SINAR JAYA
PT SARANA REFRIGERATAMA - HO,PT SARANA REFRIGERATAMA
TOENG MARKET - HO,TOENG MARKET
PT. ARTA ASIA PUTRA - NEW,PT. ARTA ASIA PUTRA - NEW
ASIA RAYA - HO,ASIA RAYA
PT. SAMUDRA SEAFOOD PRODUCTS - NEW,PT. SAMUDRA SEAFOOD PRODUCTS - NEW
MUHAMMAD ANDRIANSYAH,MUHAMMAD ANDRIANSYAH
FINARICA,FINARICA
PT. JAKABAYA MULTI SUKSES - HO,PT. JAKABAYA MULTI SUKSES
PT ENVILAB INDONESIA - NEW,PT ENVILAB INDONESIA - NEW
CV. WINDU KENCANA,CV. WINDU KENCANA
LPKL PERUMDA TIRTAWENING KOTA BANDUNG - NEW,LPKL PERUMDA TIRTAWENING KOTA BANDUNG - NEW
PT. PROFESIONAL INTERNET INDONESIA (PRONET) - NEW,PT. PROFESIONAL INTERNET INDONESIA (PRONET) - NEW
PT. GAYA SUKSES MANDIRI KASEINDO - HO,PT. GAYA SUKSES MANDIRI KASEINDO
PT. OCELLUS INDONESIA JAYA,PT. OCELLUS INDONESIA JAYA
CV. BAHAGIA SAMPAI AKHIR,CV. BAHAGIA SAMPAI AKHIR
MUH. RAIS ABIDIN S.PD M.PD,MUH. RAIS ABIDIN S.PD M.PD
CV. BAROKAH JAYA - HO,CV. BAROKAH JAYA
PT VOFFICE,PT VOFFICE
RIVALDO LEONARDO LAHENGKO,RIVALDO LEONARDO LAHENGKO
MUHAMMAD REVIAN FIKRI HAQQONI,MUHAMMAD REVIAN FIKRI HAQQONI
TOKO PLASTIK MORODADI - HO,PLASTIK MORODADI (MD)
PT. MAHYRA PUTRI TUNGGAL - NEW,PT. MAHYRA PUTRI TUNGGAL - NEW
PT. BHINEKA INOVASI GLOBAL - NEW,PT. BHINEKA INOVASI GLOBAL - NEW
CAHAYA GRAFIKA NUSANTARA - HO,CAHAYA GRAFIKA NUSANTARA
ROFIQ ALI PRIBADI,ROFIQ ALI PRIBADI
EKA DHEA PUTRIYANA,EKA DHEA PUTRIYANA
CV MITRA RAJASA,CV MITRA RAJASA
PT. RESTOMART CIPTA USAHA - HO,PT. RESTOMART CIPTA USAHA
PT. MANGGALA KIAT ANANDA,PT. MANGGALA KIAT ANANDA
RIDLO NUR FATHONI,RIDLO NUR FATHONI
PT TRIMULYA JAYA SEJAHTERA - NEW,PT TRIMULYA JAYA SEJAHTERA
PT. GUNUNG MAS - NEW,PT. GUNUNG MAS - NEW
PT. GEMILANG ABADI INTIDISTRINDO - NEW,PT. GEMILANG ABADI INTIDISTRINDO
PT. KALIMANTAN CAHAYA SUKSES ABADI - NEW,PT. KALIMANTAN CAHAYA SUKSES ABADI - NEW
PT. SENTRAL ES KRISTAL ABADI - NEW,PT. SENTRAL ES KRISTAL ABADI
PT. SARI NASKATI UTAMA,PT. SARI NASKATI UTAMA
LMS PROBOLINGGO - NEW,LMS PROBOLINGGO
CV KURNIA SPN,CV KURNIA SPN
PT BINTANG ORIENT,PT BINTANG ORIENT
PT. BINTARA INDAH ENERGI,PT. BINTARA INDAH ENERGI
MAESTRO STATIONERY - NEW,MAESTRO STATIONERY
PANGKALAN KOMPUTER - HO,PANGKALAN KOMPUTER
CV. VI & VI - NEW,CV. VI & VI - NEW
CV. CINDRAWATI JAYA PRAKASA,CV. CINDRAWATI JAYA PRAKASA
PT. BARU INDAH - NEW,PT. BARU INDAH - NEW
PT. UNITED CHEMICALS INTER ANEKA - NEW,PT. UNITED CHEMICALS INTER ANEKA - NEW
RAPID PLAST - HO,RAPID PLAST
MAGDALENA ESTU UTAMI - NEW,MAGDALENA ESTU UTAMI - NEW
MOH ANSORI,MOH ANSORI
SULYANATI,SULYANATI
PT. MID SOLUSI NUSANTARA - NEW,PT. MID SOLUSI NUSANTARA - NEW
SUPADMO (BERKAH JAYA CHOPSTICK),SUPADMO (BERKAH JAYA CHOPSTICK)
ASEP SETIAWAN,ASEP SETIAWAN
CV. SEDOT LIMBAH EXPRESS,CV. SEDOT LIMBAH EXPRESS
CV INDAH KARYA MANDIRI,CV INDAH KARYA MANDIRI
ARJUN PRATAMA - NEW,ARJUN PRATAMA - NEW
JUMALIA - NEW,JUMALIA - NEW
NOVIAN PURNOMO RAHMATULLAH,NOVIAN PURNOMO RAHMATULLAH
PT. ANDRAWINATAMA KERTA HARJA - NEW,PT. ANDRAWINATAMA KERTA HARJA - NEW
CV MAPAN HOLTICULTURA,CV MAPAN HOLTICULTURA
BASO MAPPATOBA,BASO MAPPATOBA
"DEDI HERMAWAN,ST",DEDI HERMAWAN
ADITYA CHANDRA - HO,ADITYA CHANDRA
MARGO ZENDI HANDOKO (PENDOWO TRANS),MARGO ZENDI HANDOKO (PENDOWO TRANS)
PT. ALPINE COOL UTAMA,PT. ALPINE COOL UTAMA
PT. DENKO WAHANA SAKTI - HO,PT. DENKO WAHANA SAKTI
PT. TELKOM INDONESIA (PERSERO) TBK - NEW,PT. TELKOM INDONESIA (PERSERO) TBK - NEW
MUHAMMAD ARIF RIFA'I,MUHAMMAD ARIF RIFA'I
PT. DESINDO JAYA UTAMA,PT. DESINDO JAYA UTAMA
PT. NIAGARA RAYA - NEW,PT. NIAGARA RAYA
PT. MEGA INTI BERKAT,PT. MEGA INTI BERKAT
TOKO ANEKA PLASTIK - NEW,TOKO ANEKA PLASTIK
JAYA MULYA (LPG) - NEW,JAYA MULYA (LPG)
LINDA CAHYANI (RESTU IBU),LINDA CAHYANI
PT DAMART SEJAHTERA INDONESIA - NEW,PT DAMART SEJAHTERA INDONESIA - NEW
PT. BUSTANI BERSAUDARA - NEW,PT. BUSTANI BERSAUDARA - NEW
PT SUBUR RITELINDO SEJAHTERA - NEW,PT SUBUR RITELINDO SEJAHTERA
CV. RICKY JAYA - NEW,CV. RICKY JAYA
PT. MURA KRISTAL SULAWESI,PT. MURA KRISTAL SULAWESI
PT. CARAKA PURWA NAGANO - NEW,PT. CARAKA PURWA NAGANO
PT. GAS ELPINDO JAYA - NEW,PT. GAS ELPINDO JAYA
CV. SENA SOLUSI GLOBAL,CV. SENA SOLUSI GLOBAL
PT DAYKLIN INDONESIA SEJAHTERA - NEW,PT DAYKLIN INDONESIA SEJAHTERA
SWS GRESIK - NEW,SWS GRESIK
CV. TIRTA SUKSES MAKMUR,CV. TIRTA SUKSES MAKMUR
PT. PRATAMA GAS MAKASSAR - NEW,PT. PRATAMA GAS MAKASSAR
CV. ARTA KENCANA ABADI,CV. ARTA KENCANA ABADI
PT LIVIA MANDIRI SEJATI - NEW,PT LIVIA MANDIRI SEJATI
PT. PUTRA BORNEO SUGIARTO - NEW,PT. PUTRA BORNEO SUGIARTO - NEW
UD. RUMAH DIGITAL SIDAKANGEN - NEW,UD. RUMAH DIGITAL SIDAKANGEN
PT. NUGROHO JAYA MEDIKA,PT. NUGROHO JAYA MEDIKA
PT. USAHA NIAGA INDAH,PT. USAHA NIAGA INDAH
PT. TRIPUTRA MEGAH PERKASA - NEW,PT. TRIPUTRA MEGAH PERKASA
CV. PANCA ESSS UTAMA - NEW,CV. PANCA ESSS UTAMA
PT. ES HUPINDO - NEW,PT. ES HUPINDO
DEPOT NUGRAHA - NEW,DEPOT NUGRAHA - NEW
PT MERU NAIRA INDONESIA,PT MERU NAIRA INDONESIA
PT. ES MALINDO - NEW,PT. ES MALINDO
PT. MAJU JAYA KEMASAN BERSAUDARA - NEW,PT. MAJU JAYA KEMASAN BERSAUDARA
ARTHARAYA BERKAH SUPLINDO - NEW,ARTHARAYA BERKAH SUPLINDO
CV WIRA MAKMUR SENTOSA,CV WIRA MAKMUR SENTOSA
SMART NUSANTARA - HO,SMART NUSANTARA
PT. SOFTWAREONE INDONESIA,PT. SOFTWAREONE INDONESIA
INSTITUT PERTANIAN BOGOR - PTNBH (IPB-PTNBH) - NEW,INSTITUT PERTANIAN BOGOR - PTNBH (IPB-PTNBH) - NEW
PT GRAHA MUTU PERSADA,PT GRAHA MUTU PERSADA
UNO SAVA PLATINDO - HO,UNO SAVA PLATINDO
CV. MITRA MULIA,CV. MITRA MULIA
RUSWANTO (JAYA MANDIRI SENTOSA),RUSWANTO
PT. INDONESIA PRIORITAS SERVIS - NEW,PT. INDONESIA PRIORITAS SERVIS - NEW
LANCAR JAYA MAKMUR (TOMMY ALEXANDER),LANCAR JAYA MAKMUR (TOMMY ALEXANDER)
FEBRIANTO WIJAYA (TOKO SUMBER PLASTIK),FEBRIANTO WIJAYA (TOKO SUMBER PLASTIK)
CV. BINA USAHA SINGKAWANG,CV. BINA USAHA SINGKAWANG
PT. TRIMANUNGGAL SUKSES JAYA UTAMA,PT. TRIMANUNGGAL SUKSES JAYA UTAMA
PT ANDATU MULIA LESTARI,PT ANDATU MULIA LESTARI
PT DIAN PARAMITA UTAMA (AGEN LPG) - NEW,PT DIAN PARAMITA UTAMA (AGEN LPG)
CV. DPINDO MARKET,CV. DPINDO MARKET
STEFANUS WILLY GUNAWAN (TOKO ABADI JAYA),STEFANUS WILLY GUNAWAN (TOKO ABADI JAYA)
ERNI INDAH WATI (PRAST CATERING),ERNI INDAH WATI (PRAST CATERING)
MEILKY LIMANTO (TOKO PUSAT KEMASAN),MEILKY LIMANTO (TOKO PUSAT KEMASAN)
LUBERTO (TOKO TG PLASINDO),LUBERTO (TOKO TG PLASINDO)
PT. MULTI KLIN NUSANTARA - NEW,PT. MULTI KLIN NUSANTARA
PT. INDO ICE - NEW,PT. INDO ICE
PT. ATLAS ES - NEW,PT. ATLAS ES
ERLANGGA TISUE - NEW,ERLANGGA TISUE
CV. GUNUNG MAS 138 - NEW,CV. GUNUNG MAS 138 - NEW
IRWANINGSIH (TRIANI BARAKA BANUA),IRWANINGSIH (TRIANI BARAKA BANUA)
PT TRIO HUTAMA - NEW,PT TRIO HUTAMA
CV. BERKAT CENDRAWASIH,CV. BERKAT CENDRAWASIH
H. MARDIANSYAH,H. MARDIANSYAH
HANDOKO SUSILO (DEPO AIR MINUM ANGGORO),HANDOKO SUSILO (DEPO AIR MINUM ANGGORO)
PT. SURYA ANUGERAH SENTOSA - NEW,PT. SURYA  ANUGERAH SENTOSA
UD. SEKAR MANDIRI (SUMPIT HARINI) - NEW,UD. SEKAR MANDIRI (SUMPIT HARINI)
PT. ANUTA KARYA PRIMA - NEW,PT. ANUTA KARYA PRIMA
CV. NIO UTAMAN,CV. NIO UTAMAN (BAHAN KOE)
PT. RUKUN MITRA SEJATI - NEW,PT. RUKUN MITRA SEJATI
PT. MAGO PASIFIC ABADI - NEW,PT. MAGO PASIFIC ABADI - NEW
PT. SUMBER GASINDO JAYA - NEW,PT. SUMBER GASINDO JAYA
PT. PULAU INDAH JAYA,PT. PULAU INDAH JAYA
CV. SAKTI LANGGENG UTAMA,CV. SAKTI LANGGENG UTAMA
PT. MITRA SARANA PURNAMA - NEW,PT. MITRA SARANA PURNAMA - NEW
CV. MEDSTUF SARANA MEDIKA - HO,CV. MEDSTUF SARANA MEDIKA
NUSA JAYA - HO,NUSA JAYA
TOKO VIOLET (SHERLY PATRICIA) - NEW,TOKO VIOLET (SHERLY PATRICIA) - NEW
WEMPY ONG (SURYANASIONAL) - DCMKS,SURYANASIONAL
PT. CIPTA PANGAN ABADI,PT. CIPTA PANGAN ABADI
PT. BUANA LAUTAN INTAN,PT. BUANA LAUTAN INTAN
PT. BANGUN INTI NUSA - NEW,PT. BANGUN INTI NUSA - NEW
PT. GUDANG SEGAR INDONESIA - HO,PT. GUDANG SEGAR INDONESIA
ABDU FADHLILLAH - NEW,ABDU FADHLILLAH - NEW
IMAM ARIFIN,IMAM ARIFIN
PT. EFRAN BERKAT ADITAMA,PT. EFRAN BERKAT ADITAMA
NOPRI YANTO,NOPRI YANTO
PT PRIMERA PANCA DWIMA - NEW,PT PRIMERA PANCA DWIMA - NEW
PT. PANGAN LESTARI - NEW,PT. PANGAN LESTARI - NEW
PT. GRIFFITH FOODINDO INDONESIA - NEW,PT. GRIFFITH FOODINDO INDONESIA - NEW
ADI SURYA MANDIRI - HO,ADI SURYA MANDIRI
PT. EMINA CHEESE INDONESIA - NEW,PT. EMINA CHEESE INDONESIA - NEW
CV. RAFATA ENGINEERING - HO,CV. RAFATA ENGINEERING
JOSEP TEGUH SANTOSO - NEW,JOSEP TEGUH SANTOSO - NEW
PT TRINATA BHUANA - NEW,PT TRINATA BHUANA
MASA BARU - HO,MASA BARU
HAND JAYA EXPRESS - NEW,HAND JAYA EXPRESS - NEW
BERKAT ATK - HO,BERKAT ATK
FIRMAN,FIRMAN
IJEN COMPUTER - HO,IJEN COMPUTER
CV. SABAR SELALU JAYA (MAJESTIC) - HO,CV. SABAR SELALU JAYA (MAJESTIC)
ELSA ALFIRA,ELSA ALFIRA
PLN (PERUSAHAAN LISTRIK NEGARA),PLN (PERUSAHAAN LISTRIK NEGARA)
IRFAN ADE RUKMANA - NEW,IRFAN ADE RUKMANA - NEW
CV. WELONG JAYA - NEW,CV. WELONG JAYA
PT. SINAR TERANG MULIA BERSAMA,PT. SINAR TERANG MULIA BERSAMA
CV. SINAR HARAPAN,CV. SINAR HARAPAN
ABDULLAH (NILA JAYA),ABDULLAH
PT. SUMBER WAREH PRABOWO - NEW,PT. SUMBER WAREH PRABOWO
IQBAL MAJU JAYA - NEW,IQBAL MAJU JAYA
JANUAR PRAWIRO YAONATHA (TOKO SUMBER USAHA),JANUAR PRAWIRO YAONATHA (TOKO SUMBER USAHA)
SAYUR RENY - NEW,SAYUR RENY
AQUA DISTRIBUTOR (SWS MARGOMULYO) - NEW,AQUA DISTRIBUTOR (SWS MARGOMULYO)
MAXCLEAN - NEW,MAXCLEAN
RIZKY CHELL QUA - NEW,RIZKY CHELL QUA
BINA ADI GINANJAR (TOKO SIMPANG EMAS),BINA ADI GINANJAR (TOKO SIMPANG EMAS)
JOYO GROSIR - NEW,JOYO GROSIR
JELLY HJ. SIPON - NEW,JELLY HJ. SIPON
ARIF ATK - NEW,ARIF ATK
RUMAH BOX.COM - NEW,RUMAH BOX.COM
ARIS TIRTA 2 - NEW,ARIS TIRTA 2
MOCHAMAD AZHARI,MOCHAMAD AZHARI
PT. LOKON PRIMA - NEW,PT. LOKON PRIMA - NEW
ROBI WAHYU FEBRIANTO (DEPO AIR MINUM AZZAM),ROBI WAHYU FEBRIANTO (DEPO AIR MINUM AZZAM)
UD SW - NEW,UD SW
PT. CENTRAL KAPUAS UTAMA,PT. CENTRAL KAPUAS UTAMA
ANUGRAH - NEW,ANUGRAH
PT PRIMA SUKSES GEMILANG,PT PRIMA SUKSES GEMILANG
PT. WALUYO JAYA - NEW,PT. WALUYO JAYA
YESHUA YORDAN ABRAHAM (TOKO IDOLA),YESHUA YORDAN ABRAHAM (TOKO IDOLA)
BERKAH MAKMUR BERSAMA (PT PRIMA NUSA GAS) - NEW,BERKAH MAKMUR BERSAMA (PT PRIMA NUSA GAS)
PT GALAKSI MAS - NEW,PT GALAKSI MAS - NEW
ED - SCALE (HO),ED - SCALE
CV. RAJAWALI HINENI (THERMAL) - NEW,CV. RAJAWALI HINENI (THERMAL)
CV. SAMUDERA BIRU - NEW,CV. SAMUDERA BIRU - NEW
JHENO RIA - NEW,JHENO RIA
PT. PANCA BAKTI MULYA - NEW,PT. PANCA BAKTI MULYA
PT. METROJA MANDIRI BSD - NEW,PT. METROJA MANDIRI BSD
CHRISTIAN JO (TOKO DELAPAN JAYA),CHRISTIAN JO (TOKO DELAPAN JAYA)
PT. YOSMIN KARYA UTAMA,PT. YOSMIN KARYA UTAMA
BERKAH JAYA MULYA - NEW,BERKAH JAYA MULYA
CV. NIAGA MITRA MAJU,CV. NIAGA MITRA MAJU
PT WEHARIMA LANGGENG LESTARI - NEW,PT WEHARIMA LANGGENG LESTARI - NEW
CV. YANI INDUK BAWANG - NEW,CV. YANI INDUK BAWANG - NEW
CV. PURNAMA ADI JAYA,CV. PURNAMA ADI JAYA
PT. INDOPANGAN ANUGRAH ABADI - NEW,PT. INDOPANGAN ANUGRAH ABADI - NEW
AHMAD ROJI (RESTU JAYA CHEMICAL) - NEW,AHMAD ROJI (RESTU JAYA CHEMICAL) - NEW
PT. JANU BOETANI INDONESIA - NEW,PT. JANU BOETANI INDONESIA - NEW
SAYUR LATANSA FRESH (SAHRUL) - NEW,SAYUR LATANSA FRESH (SAHRUL)
PT. TRI MITRA MAKMUR,PT. TRI MITRA MAKMUR
UD. SUGIYANTO - NEW,UD. SUGIYANTO - NEW
PANGLIMA UNGGAS (AYAM AHMAD) - HO,AYAM (AHMAD)
CV KUDA HITAM,CV KUDA HITAM
CV. KALINO JAYA - HO,CV. KALINO JAYA
CV. ONE MEDIA SOLUTION (TEKNISI) - HO,CV. ONE MEDIA SOLUTION (TEKNISI)
PT CONVERPAK INDONESIA - NEW,PT CONVERPAK INDONESIA - NEW
PT. SAPTA SARI TAMA - NEW,PT. SAPTA SARI TAMA
BRAMBANG WINDA - NEW,BRAMBANG WINDA
RIKI MOHAMZAH (MITRA MUDA TEKNISI) - NEW,RIKI MOHAMZAH (MITRA MUDA TEKNISI) - NEW
PT. CENTRAL MEGA PERDANA - HO,PT. CENTRAL MEGA PERDANA
ALBERT SANDJAYA HARIONO (SUMBER BAKTI MOTOR) - NEW,ALBERT SANDJAYA HARIONO (SUMBER BAKTI MOTOR) - NEW
CV. ADI GUNA JAYA,CV. ADI GUNA JAYA
GRIYA PRODUCTION - HO,GRIYA PRODUCTION
PT. MOJONG MITRA MAJU - DCMKS,PT. MOJONG MITRA MAJU
CV. ZBA TEKNIK - NEW,CV. ZBA TEKNIK - NEW
CV. MUTIARA ABADI PERKASA,CV. MUTIARA ABADI PERKASA
CV. JAYA MANDIRI - NEW,CV. JAYA MANDIRI
PT. PUJI SURYA INDAH - NEW,PT. PUJI SURYA INDAH - NEW
TRIYANTO MEBEL - HO,TRIYANTO MEBEL - HO
CV. MITRA MAS TEKNIK,CV. MITRA MAS TEKNIK
CV ANUGERAH BERSAMA SAPUTRA,CV ANUGERAH BERSAMA SAPUTRA
ANUGRAH BERKAT CEMERLANG - HO,ANUGRAH BERKAT CEMERLANG
PT. SUN STAR MOTOR - HO,PT. SUN STAR MOTOR
IMAM MAS'UD (BCA) - HO,IMAM MAS'UD
CV. MERAH KUNING BIRU,CV. MERAH KUNING BIRU
PT TRIMITRA TRANS PERSADA - NEW,PT TRIMITRA TRANS PERSADA - NEW
REFFY W ANDRIANI. SP,REFFY W ANDRIANI. SP
CARMUN - NEW,CARMUN - NEW
PT. BINA SAN PRIMA (KEJU) - NEW,PT. BINA SAN PRIMA (KEJU)
KULIT TAHU CITRA PANGAN - HO,CITRA PANGAN
PT SEMESTA GEMILANG SAKHA,PT SEMESTA GEMILANG SAKHA
KIKI GROSIR - NEW,KIKI GROSIR
TOKO DAMAI - HO,TOKO DAMAI
KULIT TAHU SARIFUDIN RINGGO GROUP - HO,KULIT TAHU (SARIFUDIN)
UD. WARINGIN MAS KEDIRI (SABUN BOBY) - NEW,UD. WARINGIN MAS KEDIRI (SABUN BOBY)
KULIT PANGSIT SIOMAY AFANDI CAKRA 88 - HO,KULIT PANGSIT (AFANDI)
REPARASI DINAMO LUDI RIDWAN - HO,REPARASI DINAMO LUDI RIDWAN
PT. GADING MAS INDAH - HO,PT. GADING MAS INDAH
CV. KUDATAMA MAS - NEW,CV. KUDATAMA MAS - NEW
ALDI ANGGARA (TEKNISI) - HO,ALDI ANGGARA (TEKNISI)
SAYUR EKO (OKE SUPPLIER) - HO,SAYUR EKO (OKE SUPPLIER)
CV. UTAMA HOKI,CV. UTAMA HOKI
PT. SINARMAS AGRO RESOURCES AND TECHNOLOGY TBK. (SMART TBK) - NEW,PT. SINARMAS AGRO RESOURCES AND TECHNOLOGY TBK. (SMART TBK) - NEW
PT. KEDAWUNG SETIA CORRUGATED CARTON BOX INDUSTRIAL - HO,PT. KEDAWUNG SETIA CORRUGATED CARTON BOX INDUSTRIAL
PT. GEMILANG INTI SUKSES,PT. GEMILANG INTI SUKSES
DEWA DEWI LESTARI - NEW,DEWA DEWI LESTARI
EPIC COMPUTER (TEKNISI) - HO,EPIC COMPUTER (TEKNISI)
CV. WAHANA SEJAHTERA FOODS - HO,CV. WAHANA SEJAHTERA FOODS
PT. KAWAN LAMA SOLUSI - HO,PT. KAWAN LAMA SOLUSI
TISSUE SEE-U - NEW,TISSUE SEE-U
KULIT PANGSIT (AHMAD MUHLIS) - NEW,KULIT PANGSIT (AHMAD MUHLIS)
RUSDIANTO (DUTA ES KRISTAL),RUSDIANTO (DUTA ES KRISTAL)
ACHMAD YURIFANI (DEPO SERUNI),ACHMAD YURIFANI (DEPO SERUNI)
ABS ISTANA BUAH - NEW,ABS ISTANA BUAH
MITRAKU - NEW,MITRAKU - NEW
PT TIRTA VARIA INTIPRATAMA - NEW,PT TIRTA VARIA INTIPRATAMA
ICE GO PAMEKASAN - NEW,ICE GO PAMEKASAN
UD CIPTA MANDIRI - NEW,UD CIPTA MANDIRI
ANDRY JULIUS MUNANDAR (SUMBER AIR KOTAKAN),ANDRY JULIUS MUNANDAR (SUMBER AIR KOTAKAN)
ACHMAD ZUHDI (KRD ICE TUBE),ACHMAD ZUHDI (KRD ICE TUBE)
CV. BANYU BRAMANTARA - HO,CV. BANYU BRAMANTARA
PT. CIOMAS ADISATWA,PT. CIOMAS ADISATWA
AFDHAL YUSRA (CV. VLIEG ARCHITECT INDONESIA),AFDHAL YUSRA (CV. VLIEG ARCHITECT INDONESIA)
PT. BRILLIANT JAYA,PT. BRILLIANT JAYA
UD BUAH BERKAH - NEW,UD BUAH BERKAH - NEW
PT. RISECHEM TECHNOLOGY MANDIRI - NEW,PT. RISECHEM TECHNOLOGY MANDIRI - NEW
SAYUR ONLINE PUTRA PASAR CIAMIS (FITRI NUR AZIZ) - NEW,SAYUR ONLINE PUTRA PASAR CIAMIS (FITRI NUR AZIZ) - NEW
DEPOT AL - BAROKAH - NEW,DEPOT AL - BAROKAH - NEW
PT. INDO SINERGI KONSTRUKSI - NEW,PT. INDO SINERGI KONSTRUKSI - NEW
EKA CHICKEN - NEW,EKA CHICKEN
PT. RUKUN MANDIRI PERKASA - HO,PT. RUKUN MANDIRI PERKASA
SRI EDIATI SETIYORINI - NEW,SRI EDIATI SETIYORINI - NEW
M DIDIT YOGA PRATAMA (DEPOT AIR MINUM ABIDZAR),M DIDIT YOGA PRATAMA (DEPOT AIR MINUM ABIDZAR)
RONALDO SINAGA (ES KRISTAL JELAWAT MAS),RONALDO SINAGA (ES KRISTAL JELAWAT MAS)
HENI SUDARMINI (HN SHOP),HENI SUDARMINI (HN SHOP)
CAROLINE MELANIA (UD. TOPLAST),CAROLINE MELANIA (UD. TOPLAST)
PT. BERKAT BUDI BERSAMA,PT. BERKAT BUDI BERSAMA
CV. KURNIA ABADI SARANA HOREKA - NEW,CV. KURNIA ABADI SARANA HOREKA
KLEMENS ANDIKA WISNU DEWANA (RUMAH TERAS TECHNIQUE) - NEW,KLEMENS ANDIKA WISNU DEWANA (RUMAH TERAS TECHNIQUE) - NEW
MITRA SAYUR - NEW,MITRA SAYUR
BRAWIJAYA ES TUBE - NEW,BRAWIJAYA ES TUBE
MARTININGRUM (AIR ISI ULANG BANYU SENDANG) - NEW,MARTININGRUM (AIR ISI ULANG BANYU SENDANG) - NEW
AYAMKU - NEW,AYAMKU
AKBAR ATNADIJAYA,AKBAR ATNADIJAYA
PERDANA PLASTIK - NEW,PERDANA PLASTIK
UD. RISKA JAYA ABADI (PACKAGING) - NEW,UD. RISKA JAYA ABADI (PACKAGING)
RAHMAD,RAHMAD
NUR ARIFIN SETIAWAN,NUR ARIFIN SETIAWAN
MUHAMAD ABDUL GHOFUR,MUHAMMAD ABDUL GHOFUR
TOKO HERJOYO 1 - NEW,TOKO HERJOYO 1
MUHAMMAD FASTABIQUL ILMI,MUHAMMAD FASTABIQUL ILMI
PT. GRAND PASIFIC PRATAMA - NEW,PT. GRAND PASIFIC PRATAMA
BUAH SISWANTO - NEW,BUAH SISWANTO
NUGROHO MAKMUR - NEW,NUGROHO MAKMUR
MOHAMMAD DIMAS PUTRA PRATAMA - NEW,MOHAMMAD DIMAS PUTRA PRATAMA - NEW
PT. TANI SUKSES MULIA - NEW,PT. TANI SUKSES MULIA
MAJU BERSAMA - NEW,MAJU BERSAMA
CV. PILAR SUKSES BERSAMA - NEW,CV. PILAR SUKSES BERSAMA - NEW
ARIFIN (ESTAL ES KRISTAL),ARIFIN (ESTAL ES KRISTAL)
SUPRIYADI,SUPRIYADI
RUSIADI (REINDIO JAYA),RUSIADI (REINDIO JAYA)
MEDIA TEKNIK KOMPUTER (YANUAR TEKNISI) - HO,YANUAR
UD. IBUTANI - NEW,UD. IBUTANI
SARI MULYA - NEW,SARI MULYA
WAHYU BUDI HASAN - NEW,WAHYU BUDI HASAN - NEW
MUHAMMAD RAHMADANI (DANI JAYA),MUHAMMAD RAHMADANI (DANI JAYA)
TIGA SEKAWAN - NEW,TIGA SEKAWAN
ANWAR BAHTIAR (CARTENZ TRANS),ANWAR BAHTIAR (CARTENZ TRANS)
PT. BERKAH RAFFAN CEMERLANG - NEW,PT. BERKAH RAFFAN CEMERLANG - NEW
YUNI KURNIAWATI (UD KHARISMA ABADI),YUNI KURNIAWATI (UD KHARISMA ABADI)
PT. TIRTA UTAMA ABADI - NEW,PT. TIRTA UTAMA ABADI
PUJIANTI YULIAN (RUMAH BUAH C33) - NEW,PUJIANTI YULIAN (RUMAH BUAH C33) - NEW
PT. LESTARI PIJAR GEMILANG - NEW,PT. LESTARI PIJAR GEMILANG - NEW
RAFA BUAH - NEW,RAFA BUAH - NEW
UMUM - SDG,UMUM
ARTHANTA KIOSK - NEW,ARTHANTA KIOSK
RYAN SETIAWAN (QUEEN'S HOUSE),RYAN SETIAWAN (QUEEN'S HOUSE)
THERMAL (OTANI) - NEW,THERMAL (OTANI)
CV. SEJAHTERA,CV. SEJAHTERA
SUWANDI NGAWING (SUKSES JAYA),SUWANDI NGAWING (SUKSES JAYA)
AIR ISI ULANG BILQIS - NEW,AIR ISI ULANG BILQIS
NUNUNG AGUS FITRI ASTUTI (RAFI WATER) - NEW,NUNUNG AGUS FITRI ASTUTI (RAFI WATER) - NEW
PT. AL FIIL - NEW,PT. AL FIIL - NEW
PARE ICE TUBE - NEW,PARE ICE TUBE
UD. ZAKI - NEW,UD. ZAKI
SRIYATI (FRESH COOLL) - NEW,SRIYATI (FRESH COOLL)
FAHRUL PRADANA SAPUTRA (KARTIKA ICE CUBE),FAHRUL PRADANA SAPUTRA (KARTIKA ICE CUBE)
SUPLAYER ES PUGA UTAMA - NEW,SUPLAYER ES PUGA UTAMA
ANAFINDO UTAMA - NEW,ANAFINDO UTAMA
SILO ENDRIK PURNOMO (RIEND BERKAH ABADI) - NEW,SILO ENDRIK PURNOMO (RIEND BERKAH ABADI) - NEW
A N ISMAIL L M E A P (BELI JUS.ID),A N ISMAIL L M E A P (BELI JUS.ID)
PT METROPOLITAN UTAMA,PT METROPOLITAN UTAMA
RIO BAGUS ANGGRIAWAN (DELI PRIMA),RIO BAGUS ANGGRIAWAN (DELI PRIMA)
CABE BUDI (SETYO BUDIANTO) - NEW,CABE BUDI (SETYO BUDIANTO)
ENGKUS KUSWARA (ICE TUBE) - NEW,ENGKUS KUSWARA (ICE TUBE) - NEW
ILONA WONGSO (DHANY TRANSPORTASI) - NEW,ILOMA WONGSO (DHANY TRANSPORTASI) - NEW
DENATA - NEW,DENATA
PT. VICTORY PUTRA YASA - NEW,PT. VICTORY PUTRA YASA
MINERO - NEW,MINERO
PRO SMART (CV.MULTINDO KREASI) - NEW,PRO SMART (CV.MULTINDO KREASI)
ZAQI BUAH - NEW,ZAQI BUAH
CV. SLAMET MANDIRI - NEW,CV. SLAMET MANDIRI
BISMILLAH INFINITY GRUP - NEW,BISMILLAH INFINITY GRUP - NEW
PT. SAWITTO INDAH BERKAH - NEW,PT. SAWITTO INDAH BERKAH - NEW
CABE RONY - NEW,CABE RONY
CV. PADMA HERLAMBANG NUSANTARA,CV. PADMA HERLAMBANG NUSANTARA
I NENGAH BAGIA (DEPO AIRI AIR MINUM DAN ES KRISTAL),I NENGAH BAGIA (DEPOT AIR MINUM & ES KRISTAL)
CV. MEKAR JAYA SENTOSA - NEW,CV. MEKAR JAYA SENTOSA
OEMAH SAYUR - NEW,OEMAH SAYUR
PIYANTI SUPLAYOR - NEW,PIYANTI SUPLAYOR
PT. BAGUS TRANSPORT INDONESIA - NEW,PT. BAGUS TRANSPORT INDONESIA - NEW
AURA TIRTA MINERAL WATER - NEW,AURA TIRTA MINERAL WATER
BUAH SAIMAN - NEW,BUAH SAIMAN
AGAPE 100 - NEW,AGAPE 100
PT. MANDALA PILAR INDONESIA - NEW,PT. MANDALA PILAR INDONESIA - NEW
PT. GASMITA,PT. GASMITA
NUR FADILAH (ES KRISTAL ATIKA),NUR FADILAH (ES KRISTAL ATIKA)
CV. KOLABORASI PANORAMA NUSANTARA - NEW,CV. KOLABORASI PANORAMA NUSANTARA - NEW
PACKAGING (ABU RIZAL HAMKA) - NEW,PACKAGING (ABU RIZAL HAMKA)
PT. CAKRA BANGUN SUKSES - HO,PT. CAKRA BANGUN SUKSES
BA'I BUAH - NEW,BA'I BUAH
GALON (GUNAWAN SOLICHIN) - NEW,GALON (GUNAWAN SOLICHIN)
GALIH PRASETYO,GALIH PRASETYO
PT ALTA AGRI ARCHIPELAGO,PT ALTA AGRI ARCHIPELAGO
CV. BERKAT INTRATINDO SEJAHTERA,CV. BERKAT INTRATINDO SEJAHTERA
CV CAHAYA SAMUDERA ABADI - NEW,CV CAHAYA SAMUDERA ABADI
ANDREAS WIBHAWA (SUMBER ADEM NGANJUK),ANDREAS WIBHAWA (SUMBER ADEM NGANJUK)
CV. YOBEL PLASTIK EMANUEL - NEW,CV. YOBEL PLASTIK EMANUEL
NGIDAMS KITCHEN (DAM TETES AIR) - NEW,NGIDAMS KITCHEN (DAM TETES AIR)
AGUNG TRI SUTRSINO (DRAGON FRESH),AGUNG TRI SUTRSINO (DRAGON FRESH)
BECIK GROSIR DAN SUPLIER - NEW,BECIK GROSIR DAN SUPLIER
HASANUL CABE HOKIA RAJA PEDAS - NEW,HASANUL CABE HOKIA RAJA PEDAS
NAUFAL JAYA - NEW,NAUFAL JAYA
SAGALA QUA - NEW,SAGALA QUA
BERKAH NIAGA AVFITAA - NEW,BERKAH NIAGA AVFITAA - NEW
IWAN KURNIAWAN (KHALISA WATER),IWAN KURNIAWAN (KHALISA WATER)
MITRA TANI CENTRAL - NEW,MITRA TANI CENTRAL
PT. DINGIN SEGAR INDONESIA,PT. DINGIN SEGAR INDONESIA
TANTO (DICE ICE CUBE),TANTO (DICE ICE CUBE)
"ARIS RUSMANA, S.PD (DEPO AIR MINUM AISYAH)","ARIS RUSMANA, S.PD (DEPO AIR MINUM AISYAH)"
ARDI MEISA (MITRA SABUN),ARDI MEISA (MITRA SABUN)
JUNIYANTO (FRESHMART77),JUNIYANTO (FRESHMART77)
FARIS (FARIS CABAI),FARIS (FARIS CABAI)
LIM EDY SUDIONO,LIM EDY SUDIONO
TOKO JOKO TOLE - NEW,TOKO JOKO TOLE
BUDI PRATAMA (GALON QU),BUDI PRATAMA (GALON QU)
AIR FRESH - NEW,AIR FRESH
CV. CAMATRA KARYA PRAKARSA - SAMBODO GAS - NEW,CV. CAMATRA KARYA PRAKARSA - SAMBODO GAS
DEPOT ARCHIQA FRESH - NEW,DEPOT ARCHIQA FRESH
CABE VINI (CAESAR GAMAWAN) - NEW,CABE VINI (CAESAR GAMAWAN)
"DEPOT AIR MINUM ISI ULANG ""SYAKIRA"" - NEW","DEPOT AIR MINUM ISI ULANG ""SYAKIRA"""
TRI TUNGGAL MANDIRI - NEW,TRI TUNGGAL MANDIRI
CE FRUITS (BUAH DIAN DWI) - NEW,CE FRUITS (BUAH DIAN DWI)
ALANEL - NEW,ALANEL
TAHU SALMA - NEW,TAHU SALMA
QORI' MAKHMUDAH (DEPO AIR MINUM TIRTA ANUGRAH),QORI' MAKHMUDAH (DEPO AIR MINUM TIRTA ANUGRAH)
FROZENICE - NEW,FROZENICE
LMS JEMBER - NEW,LMS JEMBER
PT. PADMA TIRTA WISESA (SKM) - NEW,PT. PADMA TIRTA WISESA
MOCH WILDIYANTORO (BAROKAH JAYA BORNEO),MOCH WILDIYANTORO (BAROKAH JAYA BORNEO)
PT. SOLO MURNI - NEW,PT. SOLO MURNI
ARSYA BUAH - NEW,ARSYA BUAH
CV GLASIER ICE,CV GLASIER ICE
DEPO AIR ISI ULANG MANDIRI - NEW,DEPO AIR ISI ULANG MANDIRI
PACKAGING (JEFRI HARTANTO) - NEW,PACKAGING (JEFRI HARTANTO)
PT. ANTARIKSA LAKSANA - NEW,PT. ANTARIKSA LAKSANA
CV. TRUBUS SEGAR BERSAUDARA - NEW,CV. TRUBUS SEGAR BERSAUDARA
UD. ABIL BUAH SEGAR - NEW,UD. ABIL BUAH SEGAR
TELUR GONDES HIMAWAN ARDYANTO (INDAH RATNAWATI DAN TIRTA RATNA) - NEW,TELUR GONDES HIMAWAN ARDYANTO (INDAH RATNAWATI DAN TIRTA RATNA)
MURNI - NEW,MURNI - NEW
ANEKA BUAH TASIKMALAYA - NEW,ANEKA BUAH TASIKMALAYA - NEW
PILAR TIMUR SEJAHTERA - NEW,PILAR TIMUR SEJAHTERA - NEW
PT NINA HERLINA UTAMA - NEW,PT NINA HERLINA UTAMA
BINTANG TIMUR - NEW,BINTANG TIMUR
INDO ICE - NEW,INDO ICE
LANCAR JAYA - NEW,LANCAR JAYA
WIDY CABE - NEW,WIDY CABE
CV. FORWARD - NEW,CV. FORWARD
ACM LOMBOK - NEW,ACM LOMBOK
PT. SINAR ANUGERAH RAYA - NEW,PT. SINAR ANUGERAH RAYA
ARAYA GROUP - NEW,ARAYA GROUP
CIPTA JAYA BUAH - NEW,CIPTA JAYA BUAH
PACKAGING (RIZKY AYU AMEILIA) - NEW,PACKAGING (RIZKY AYU AMEILIA)
PT GRESIK ICE SEJAHTERA - NEW,PT GRESIK ICE SEJAHTERA
TOKO DZIKRUL - NEW,TOKO DZIKRUL
PT. MITRA KELOLA ESINDO - NEW,PT. MITRA KELOLA ESINDO
PANGKALAN LPG PERTAMINA - NEW,PANGKALAN LPG PERTAMINA
LANGGENG TIRTA - NEW,LANGGENG TIRTA
PT IRNA MAJU GAS,PT IRNA MAJU GAS
INA HANDAYANI (A2 BIO - OXY AL AZZAHRA),INA HANDAYANI (A2 BIO - OXY AL AZZAHRA)
ANDI HARDIYANTI (ES KRISTAL ZAMZAM),ANDI HARDIYANTI (ES KRISTAL ZAMZAM)
AZQIA DEPOT AIR & GAS - NEW,AZQIA DEPOT AIR & GAS
UMUM - NON BAHAN,UMUM - NON BAHAN
CV. UTUH MANDIRI FOOD (KULIT PANGSIT ANIS) - NEW,CV. UTUH MANDIRI FOOD (KULIT PANGSIT ANIS) - NEW
MIE PARSEH JAYA - NEW,MIE PARSEH JAYA
PT. SEPINGGAN,PT. SEPINGGAN
RAGIL IRAWAN (TIRTA LANGGENG) - NEW,RAGIL IRAWAN (TIRTA LANGGENG) - NEW
CV. HENSKRISTAL - NEW,CV. HENSKRISTAL - NEW
CV. ULITIGA SEJAHTERA - NEW,CV. ULITIGA SEJAHTERA - NEW
PT CIPTA PANGAN NUSANTARA INDONESIA - NEW,PT CIPTA PANGAN NUSANTARA INDONESIA - NEW
CV. SUMBER JAYA SELARAS,CV. SUMBER JAYA SELARAS
FAJRIN (LULOLIGHT),FAJRIN (LULOLIGHT)
PT. PADMA TIRTA WISESA - NEW,PT. PADMA TIRTA WISESA
TOKO CAHAYA BARU - NEW,TOKO CAHAYA BARU
GALON IMAM S - NEW,GALON IMAM S
CABE (UDIN) - NEW,CABE (UDIN)
PACKAGING (BRAHMANTYO) - NEW,PACKAGING (BRAHMANTYO)
BUAH (ANTOK) - NEW,BUAH (ANTOK)
AQUARINA (ARJUNO) - NEW,AQUARINA (ARJUNO)
FANY MARTA ELDIANA (BERKAH FRESH VEGETABLE),FANY MARTA ELDIANA (BERKAH FRESH VEGETABLE)
OXXY GREEN - NEW,OXXY GREEN
TRIWIRA (SUMPIT AGUS) - NEW,TRIWIRA (SUMPIT AGUS)
UD. SUMBER SARI KIMIA - NEW,UD. SUMBER SARI KIMIA
UD PLATINUM SEJAHTERA CHEMICA - NEW,UD PLATINUM SEJAHTERA CHEMILA
HANNY SETIAWAN (CV. KEBUN KITA) - NEW,HANNY SETIAWAN (CV. KEBUN KITA)
CV. AL KAUTSAR - NEW,CV. AL KAUTSAR
CV DOMINATE - NEW,CV DOMINATE
CV. MAPLE - NEW,CV. MAPLE
ADI RIANTO (NOOR WATER),ADI RIANTO (NOOR WATER)
YANIKA THERESIA (ICE CRYSTAL SISINGAMANGARAJA),YANIKA THERESIA (ICE CRYSTAL SISINGAMANGARAJA)
PT TEKUN BARUTAMA PALANGKA,PT TEKUN BARUTAMA PALANGKA
LESTARI - NEW,LESTARI
CV. ANDHIKA TIRTA ABADI - NEW,CV. ANDHIKA TIRTA ABADI
BANYUMAS DEPOT AIR MINUM - NEW,BANYUMAS DEPOT AIR MINUM
YULISA SAPTAWATI (RATULANGI R.O.),YULISA SAPTAWATI (RATULANGI R.O.)
DUA PILLAR - NEW,DUA PILLAR
"DEPO AIR ISI ULANG ""AA"" - NEW","DEPO AIR ISI ULANG ""AA"""
PT AGRAPHANA WASTU LUMINTU - NEW,PT AGRAPHANA WASTU LUMINTU - NEW
SITI KHOMSAH (CATERING BERKAH SEJAHTERA) - NEW,SITI KHOMSAH (CATERING BERKAH SEJAHTERA) - NEW
CV. SUMBER AIR SEJAHTERA,CV. SUMBER AIR SEJAHTERA
DADANG PRASETIYO (DEPO AIR MINUM ALTA),DADANG PRASETIYO (DEPO AIR MINUM ALTA)
PT JAYA GAS INDONESIA - NEW,PT JAYA GAS INDONESIA
KAULA SUGIH ICE - NEW,KAULA SUGIH ICE
CABE (NURIAH / SUDRAJAT) - NEW,CABE (NURIAH / SUDRAJAT)
SUMBER RIZQIUE - NEW,SUMBER RIZQIUE
JIHAD FADLI FRESH - NEW,JIHAD FADLI FRESH
PD. GUMILANG ABADI - NEW,PD. GUMILANG ABADI
AQUARIUS DEPO AIR MINUM ISI ULANG - NEW,AQUARIUS DEPO AIR MINUM ISI ULANG
PT. SURABAYA ES SEJAHTERA - NEW,PT. SURABAYA ES SEJAHTERA
GENERAL PACKAGING - NEW,GENERAL PACKAGING
UD. BOGA JAYA - NEW,UD. BOGA JAYA
CV. JAYA UTAMA SUKSES - NEW,CV. JAYA UTAMA SUKSES
DHIRA LESTARI - NEW,DHIRA LESTARI
AGUS MURIYANTO (CABE & KECAP) - NEW,AGUS MURIYANTO (CABE & KECAP)
PADMATIRTA KENJERAN - NEW,PADMATIRTA KENJERAN
PT. PELITA DUMAS,PT. PELITA DUMAS
PT. GASINDO CIREBON PRIMA - NEW,PT. GASINDO CIREBON PRIMA
PT TOMPOTIKA RAYA,PT TOMPOTIKA RAYA
DEPOT ISI ULANG AIR MINUM C'ADEM - NEW,DEPOT ISI ULANG AIR MINUM C'ADEM
UD. BAROKAH - NEW,UD. BAROKAH
EKA MAJU (RINTIS JAYA) - NEW,EKA MAJU (RINTIS JAYA)
TOKO EKA JAYA - NEW,TOKO EKA JAYA
PT. TIRTA INVESTAMA - NEW,PT. TIRTA INVESTAMA
PT. SUPARMA TBK - NEW,PT. SUPARMA TBK
PT. VIARDI BINTANG TERANG - NEW,PT. VIARDI BINTANG TERANG
NURLAILA.H (RUMAH BUAH SEGAR),NURLAILA.H (RUMAH BUAH SEGAR)
PT. YOGYA KRISTAL SEJATI - NEW,PT. YOGYA KRISTAL SEJATI
RUSMAN TAYANG (GENTONG BERKAH),RUSMAN TAYANG (GENTONG BERKAH)
YUSRIADI (PLUTO MINERAL),YUSRIADI (PLUTO MINERAL)
PT. NIKA JAYA RENJANA - NEW,PT. NIKA JAYA RENJANA - NEW
PT SUKANDA DJAYA - NEW,PT SUKANDA DJAYA
TOKO MULTI ABADI - NEW,TOKO MULTI ABADI
DANIEL LAKSANA (INA PUTRA),DANIEL LAKSANA (INA PUTRA)
PT. SARANA PATRA GASINDO,PT. SARANA PATRA GASINDO
PT. BALINA AGUNG PERKASA - NEW,PT. BALINA  AGUNG PERKASA
DEPO AIR MINUM TETES AIR - NEW,DEPO AIR MINUM TETES AIR
BERKAH MANDIRI GAS - NEW,BERKAH MANDIRI GAS
TOKO AMANAH (DEPO GENTONG) - NEW,TOKO AMANAH (DEPO GENTONG)
BERKAH QUA - NEW,BERKAH QUA
BUAH SINOK - NEW,BUAH SINOK
PT. SADIKUN LPG RITEL KARAWANG - NEW,PT. SADIKUN LPG RITEL KARAWANG
PT. WENANG PALM SOLUSINDO - NEW,PT. WENANG PALM SOLUSINDO - NEW
UD GIA MAS SEJAHTERA - NEW,UD GIA MAS SEJAHTERA
PT. GAS ALAM SENTOSA - NEW,PT. GAS ALAM SENTOSA
PT. BINTANG BUNUT - NEW,PT. BINTANG BUNUT - NEW
TISSUE MURAH TANGERANG - NEW,TISSUE MURAH TANGERANG
"GERRY FIBRIAN CHRISTENAEL (DEPOT AIR MINUM ISI ULANG ""RGY"") - NEW","GERRY FIBRIAN CHRISTENAEL (DEPOT AIR MINUM ISI ULANG ""RGY"")"
ADZKIA BUAH - NEW,ADZKIA BUAH
ES POLAR - NEW,ES POLAR
NIKA - NEW,NIKA
"LOVELY SHOP (ARI SUBEJO DAMIU ""TIRTA RO"") - NEW","LOVELY SHOP (ARI SUBEJO DAMIU ""TIRTA RO"")"
PT. VINNA SOKO ADJI (VINNA MIE) - NEW,PT. VINNA SOKO ADJI (VINNA MIE)
TOKO CURUG INDAH PLASTIK - NEW,TOKO CURUG INDAH PLASTIK
GALON AIR SINDHU - NEW,GALON AIR SINDHU
HAPPY SOAP - NEW,HAPPY SOAP
CV. WAHYU JAYA UNGARAN - NEW,CV. WAHYU JAYA UNGARAN
RATNO MULYO (MIE SABILA) - NEW,RATNO MULYO (MIE SABILA) - NEW
AIR ISI ULANG GALANG TIRTA - NEW,AIR ISI ULANG GALANG TIRTA
OMA BITHA FARM - NEW,OMA BITHA FARM - NEW
PT. PUTREN HUMUSTAMA - NEW,PT. PUTREN HUMUSTAMA
LU'LUUL MAHMUDAH (PD SUMBER LOMBOK),LU'LUUL MAHMUDAH (PD SUMBER LOMBOK)
TANJALI DAROINI (KOPERASI DUKKAN BAROKAH) - NEW,TANJALI DAROINI (KOPERASI DUKKAN BAROKAH) - NEW
FELIX SUCIADI (TOKO SERBA PLASTIK) - NEW,TOKO SERBA PLASTIK
CV KARYA ES MANUNGGAL - NEW,CV KARYA ES MANUNGGAL
PT KREASI REMPAH INDONESIA (SPICE ISLAND) - NEW,PT KREASI REMPAH INDONESIA (SPICE ISLAND)
SRI TRISNAWATI (ALWIESTA ES KRISTAL),SRI TRISNAWATI (ALWIESTA ES KRISTAL)
SAE GROSIR (TOKO BU DE) - NEW,SAE GROSIR (TOKO BU DE)
PT. SERASI MAHARAYA INDONESIA,PT. SERASI MAHARAYA INDONESIA
PT. JALUD NUSANTARA SEJAWAT,PT. JALUD NUSANTARA SEJAWAT
PT GUNZ CREATIVE WISATA INDONESIA - NEW,PT GUNZ CREATIVE WISATA INDONESIA - NEW
PT. RUKMA PADAYA TRANS - NEW,PT. RUKMA PADAYA TRANS - NEW
CABE MUJIATI - NEW,CABE MUJIATI
CV ASIA,CV ASIA
MIE SABILA - NEW,MIE SABILA
YUSUF SAMIAJI (TOKO LARIS JAYA),YUSUF SAMIAJI (TOKO LARIS JAYA)
RENI CELL (AGAM AIR)  - NEW,RENI CELL (AGAM AIR)
TOKO ANTON PUTRA - NEW,TOKO ANTON PUTRA
PT. ADIGAS JAYA PRATAMA - NEW,PT. ADIGAS JAYA PRATAMA
CV. GUSGAS ABADI SEJAHTERA - NEW,CV. GUSGAS ABADI SEJAHTERA - NEW
PT. GREENBE - NEW,PT. GREENBE
PT. MITRA INTERTRANS FORWARDING,PT. MITRA INTERTRANS FORWARDING
RAWIT JAYA (LIONITA MERDEKA WATI) - NEW,RAWIT JAYA (LIONITA MERDEKA WATI)
KEBUN NIKA - NEW,KEBUN NIKA - NEW
PT. PURNAMA SEMESTA ALAMIAH,PT. PURNAMA SEMESTA ALAMIAH
GALAXY SOLUSINDO - HO,GALAXY SOLUSINDO
CV. MULTI BERKAH - NEW,CV. MULTI BERKAH - NEW
PT. TIBAMBAS GROUP INDONESIA - NEW,PT. TIBAMBAS GROUP INDONESIA - NEW
PABRIK BUMBU - SUKUN,PABRIK BUMBU - SUKUN
"PT. ADI SARANA ARMADA, TBK - HO","PT. ADI SARANA ARMADA, TBK"
CV. NURUL FIRDAUS TRANSLOGISTIC - NEW,CV. NURUL FIRDAUS TRANSLOGISTIC - NEW
PT. JATIM ES TUBE - NEW,PT. JATIM ES TUBE - NEW
KARTIKA BUAH (FRUITYK) - NEW,KARTIKA BUAH (FRUITYK)
SEPTIAN EKO WIDIYANTO (UD. KURUP BAROKAH) - NEW,SEPTIAN EKO WIDIYANTO (UD. KURUP BAROKAH)
